-- 새로운 미술관 추가
INSERT INTO venues_simple (name_ko, city, venue_type) 
VALUES ('케이옥션', '서울', 'gallery')
ON CONFLICT (name_ko) DO NOTHING;
INSERT INTO venues_simple (name_ko, city, venue_type) 
VALUES ('상업화랑 을지로', '서울', 'gallery')
ON CONFLICT (name_ko) DO NOTHING;
INSERT INTO venues_simple (name_ko, city, venue_type) 
VALUES ('눈 컨템포러리', '서울', 'gallery')
ON CONFLICT (name_ko) DO NOTHING;
INSERT INTO venues_simple (name_ko, city, venue_type) 
VALUES ('링크서울', '서울', 'gallery')
ON CONFLICT (name_ko) DO NOTHING;
INSERT INTO venues_simple (name_ko, city, venue_type) 
VALUES ('스페이스 카다로그', '서울', 'gallery')
ON CONFLICT (name_ko) DO NOTHING;
INSERT INTO venues_simple (name_ko, city, venue_type) 
VALUES ('코소', '서울', 'gallery')
ON CONFLICT (name_ko) DO NOTHING;
INSERT INTO venues_simple (name_ko, city, venue_type) 
VALUES ('모두미술공간', '서울', 'gallery')
ON CONFLICT (name_ko) DO NOTHING;
INSERT INTO venues_simple (name_ko, city, venue_type) 
VALUES ('성곡미술관', '서울', 'museum')
ON CONFLICT (name_ko) DO NOTHING;
INSERT INTO venues_simple (name_ko, city, venue_type) 
VALUES ('가나아트센터', '서울', 'art_center')
ON CONFLICT (name_ko) DO NOTHING;
INSERT INTO venues_simple (name_ko, city, venue_type) 
VALUES ('가나아트 한남', '서울', 'gallery')
ON CONFLICT (name_ko) DO NOTHING;
INSERT INTO venues_simple (name_ko, city, venue_type) 
VALUES ('스페이스 수퍼노말', '서울', 'gallery')
ON CONFLICT (name_ko) DO NOTHING;
INSERT INTO venues_simple (name_ko, city, venue_type) 
VALUES ('스페이스776', '서울', 'gallery')
ON CONFLICT (name_ko) DO NOTHING;
INSERT INTO venues_simple (name_ko, city, venue_type) 
VALUES ('피트갤러리', '서울', 'gallery')
ON CONFLICT (name_ko) DO NOTHING;
INSERT INTO venues_simple (name_ko, city, venue_type) 
VALUES ('넥스트뮤지엄갤러리', '서울', 'gallery')
ON CONFLICT (name_ko) DO NOTHING;
INSERT INTO venues_simple (name_ko, city, venue_type) 
VALUES ('화이트스톤갤러리', '서울', 'gallery')
ON CONFLICT (name_ko) DO NOTHING;
INSERT INTO venues_simple (name_ko, city, venue_type) 
VALUES ('매스갤러리 한남', '서울', 'gallery')
ON CONFLICT (name_ko) DO NOTHING;
INSERT INTO venues_simple (name_ko, city, venue_type) 
VALUES ('롯데갤러리 아트홀 잠실점', '서울', 'gallery')
ON CONFLICT (name_ko) DO NOTHING;
INSERT INTO venues_simple (name_ko, city, venue_type) 
VALUES ('서울옥션', '서울', 'gallery')
ON CONFLICT (name_ko) DO NOTHING;
INSERT INTO venues_simple (name_ko, city, venue_type) 
VALUES ('PBG 한남', '서울', 'gallery')
ON CONFLICT (name_ko) DO NOTHING;
INSERT INTO venues_simple (name_ko, city, venue_type) 
VALUES ('Small but great', '서울', 'gallery')
ON CONFLICT (name_ko) DO NOTHING;
INSERT INTO venues_simple (name_ko, city, venue_type) 
VALUES ('박서보재단 26SQM', '서울', 'gallery')
ON CONFLICT (name_ko) DO NOTHING;
INSERT INTO venues_simple (name_ko, city, venue_type) 
VALUES ('갤러리 지우헌', '서울', 'gallery')
ON CONFLICT (name_ko) DO NOTHING;
INSERT INTO venues_simple (name_ko, city, venue_type) 
VALUES ('ELIGERE 갤러리', '서울', 'gallery')
ON CONFLICT (name_ko) DO NOTHING;
INSERT INTO venues_simple (name_ko, city, venue_type) 
VALUES ('갤러리조선', '서울', 'gallery')
ON CONFLICT (name_ko) DO NOTHING;
INSERT INTO venues_simple (name_ko, city, venue_type) 
VALUES ('국립현대미술관 서울', '서울', 'museum')
ON CONFLICT (name_ko) DO NOTHING;
INSERT INTO venues_simple (name_ko, city, venue_type) 
VALUES ('송은', '서울', 'gallery')
ON CONFLICT (name_ko) DO NOTHING;
INSERT INTO venues_simple (name_ko, city, venue_type) 
VALUES ('환기미술관', '서울', 'museum')
ON CONFLICT (name_ko) DO NOTHING;
INSERT INTO venues_simple (name_ko, city, venue_type) 
VALUES ('일민미술관', '서울', 'museum')
ON CONFLICT (name_ko) DO NOTHING;
INSERT INTO venues_simple (name_ko, city, venue_type) 
VALUES ('서울시립미술관 본관 외 3곳', '서울', 'museum')
ON CONFLICT (name_ko) DO NOTHING;
INSERT INTO venues_simple (name_ko, city, venue_type) 
VALUES ('아르코미술관', '서울', 'museum')
ON CONFLICT (name_ko) DO NOTHING;
INSERT INTO venues_simple (name_ko, city, venue_type) 
VALUES ('PS CENTER', '서울', 'gallery')
ON CONFLICT (name_ko) DO NOTHING;
INSERT INTO venues_simple (name_ko, city, venue_type) 
VALUES ('서울공예박물관', '서울', 'gallery')
ON CONFLICT (name_ko) DO NOTHING;
INSERT INTO venues_simple (name_ko, city, venue_type) 
VALUES ('백아트', '서울', 'gallery')
ON CONFLICT (name_ko) DO NOTHING;
INSERT INTO venues_simple (name_ko, city, venue_type) 
VALUES ('리만머핀', '서울', 'gallery')
ON CONFLICT (name_ko) DO NOTHING;
INSERT INTO venues_simple (name_ko, city, venue_type) 
VALUES ('뮤지엄멋', '서울', 'gallery')
ON CONFLICT (name_ko) DO NOTHING;
INSERT INTO venues_simple (name_ko, city, venue_type) 
VALUES ('G Gallery', '서울', 'gallery')
ON CONFLICT (name_ko) DO NOTHING;
INSERT INTO venues_simple (name_ko, city, venue_type) 
VALUES ('프로젝트 스페이스 사루비아', '서울', 'gallery')
ON CONFLICT (name_ko) DO NOTHING;
INSERT INTO venues_simple (name_ko, city, venue_type) 
VALUES ('호리아트스페이스', '서울', 'gallery')
ON CONFLICT (name_ko) DO NOTHING;
INSERT INTO venues_simple (name_ko, city, venue_type) 
VALUES ('갤러리제이원 서울', '서울', 'gallery')
ON CONFLICT (name_ko) DO NOTHING;
INSERT INTO venues_simple (name_ko, city, venue_type) 
VALUES ('상업화랑', '서울', 'gallery')
ON CONFLICT (name_ko) DO NOTHING;
INSERT INTO venues_simple (name_ko, city, venue_type) 
VALUES ('갤러리조은', '서울', 'gallery')
ON CONFLICT (name_ko) DO NOTHING;
INSERT INTO venues_simple (name_ko, city, venue_type) 
VALUES ('리안갤러리 서울', '서울', 'gallery')
ON CONFLICT (name_ko) DO NOTHING;
INSERT INTO venues_simple (name_ko, city, venue_type) 
VALUES ('갤러리 나우', '서울', 'gallery')
ON CONFLICT (name_ko) DO NOTHING;
INSERT INTO venues_simple (name_ko, city, venue_type) 
VALUES ('갤러리 키체', '서울', 'gallery')
ON CONFLICT (name_ko) DO NOTHING;
INSERT INTO venues_simple (name_ko, city, venue_type) 
VALUES ('누크갤러리', '서울', 'gallery')
ON CONFLICT (name_ko) DO NOTHING;
INSERT INTO venues_simple (name_ko, city, venue_type) 
VALUES ('토탈미술관', '서울', 'museum')
ON CONFLICT (name_ko) DO NOTHING;
INSERT INTO venues_simple (name_ko, city, venue_type) 
VALUES ('더 월로', '서울', 'gallery')
ON CONFLICT (name_ko) DO NOTHING;
INSERT INTO venues_simple (name_ko, city, venue_type) 
VALUES ('아뜰리에 아키', '서울', 'gallery')
ON CONFLICT (name_ko) DO NOTHING;
INSERT INTO venues_simple (name_ko, city, venue_type) 
VALUES ('바라캇 컨템포러리', '서울', 'gallery')
ON CONFLICT (name_ko) DO NOTHING;
INSERT INTO venues_simple (name_ko, city, venue_type) 
VALUES ('서울시립 미술아카이브', '서울', 'gallery')
ON CONFLICT (name_ko) DO NOTHING;
INSERT INTO venues_simple (name_ko, city, venue_type) 
VALUES ('상히읗', '서울', 'gallery')
ON CONFLICT (name_ko) DO NOTHING;
INSERT INTO venues_simple (name_ko, city, venue_type) 
VALUES ('세화미술관', '서울', 'museum')
ON CONFLICT (name_ko) DO NOTHING;
INSERT INTO venues_simple (name_ko, city, venue_type) 
VALUES ('글래드스톤갤러리', '서울', 'gallery')
ON CONFLICT (name_ko) DO NOTHING;
INSERT INTO venues_simple (name_ko, city, venue_type) 
VALUES ('재단법인 아름지기', '서울', 'gallery')
ON CONFLICT (name_ko) DO NOTHING;
INSERT INTO venues_simple (name_ko, city, venue_type) 
VALUES ('옴스큐라1', '서울', 'gallery')
ON CONFLICT (name_ko) DO NOTHING;
INSERT INTO venues_simple (name_ko, city, venue_type) 
VALUES ('페이토 갤러리', '서울', 'gallery')
ON CONFLICT (name_ko) DO NOTHING;
INSERT INTO venues_simple (name_ko, city, venue_type) 
VALUES ('금산갤러리', '서울', 'gallery')
ON CONFLICT (name_ko) DO NOTHING;
INSERT INTO venues_simple (name_ko, city, venue_type) 
VALUES ('제이슨함', '서울', 'gallery')
ON CONFLICT (name_ko) DO NOTHING;
INSERT INTO venues_simple (name_ko, city, venue_type) 
VALUES ('스페이스 윌링앤딜링', '서울', 'gallery')
ON CONFLICT (name_ko) DO NOTHING;
INSERT INTO venues_simple (name_ko, city, venue_type) 
VALUES ('디아 컨템포러리', '서울', 'gallery')
ON CONFLICT (name_ko) DO NOTHING;
INSERT INTO venues_simple (name_ko, city, venue_type) 
VALUES ('라니서울', '서울', 'gallery')
ON CONFLICT (name_ko) DO NOTHING;
INSERT INTO venues_simple (name_ko, city, venue_type) 
VALUES ('로이갤러리 압구정', '서울', 'gallery')
ON CONFLICT (name_ko) DO NOTHING;
INSERT INTO venues_simple (name_ko, city, venue_type) 
VALUES ('캡션 서울', '서울', 'gallery')
ON CONFLICT (name_ko) DO NOTHING;
INSERT INTO venues_simple (name_ko, city, venue_type) 
VALUES ('탕 컨템포러리 아트', '서울', 'gallery')
ON CONFLICT (name_ko) DO NOTHING;
INSERT INTO venues_simple (name_ko, city, venue_type) 
VALUES ('미정', '서울', 'gallery')
ON CONFLICT (name_ko) DO NOTHING;
INSERT INTO venues_simple (name_ko, city, venue_type) 
VALUES ('DDP 이간수문', '서울', 'gallery')
ON CONFLICT (name_ko) DO NOTHING;
INSERT INTO venues_simple (name_ko, city, venue_type) 
VALUES ('아트조선스페이스', '서울', 'gallery')
ON CONFLICT (name_ko) DO NOTHING;
INSERT INTO venues_simple (name_ko, city, venue_type) 
VALUES ('박여숙화랑', '서울', 'gallery')
ON CONFLICT (name_ko) DO NOTHING;
INSERT INTO venues_simple (name_ko, city, venue_type) 
VALUES ('타데우스 로팍 서울', '서울', 'gallery')
ON CONFLICT (name_ko) DO NOTHING;
INSERT INTO venues_simple (name_ko, city, venue_type) 
VALUES ('에스더쉬퍼', '서울', 'gallery')
ON CONFLICT (name_ko) DO NOTHING;
INSERT INTO venues_simple (name_ko, city, venue_type) 
VALUES ('두아르트 스퀘이라', '서울', 'gallery')
ON CONFLICT (name_ko) DO NOTHING;
INSERT INTO venues_simple (name_ko, city, venue_type) 
VALUES ('아트선재센터', '서울', 'art_center')
ON CONFLICT (name_ko) DO NOTHING;
INSERT INTO venues_simple (name_ko, city, venue_type) 
VALUES ('코엑스', '서울', 'gallery')
ON CONFLICT (name_ko) DO NOTHING;
INSERT INTO venues_simple (name_ko, city, venue_type) 
VALUES ('현대백화점 무역센터점', '서울', 'art_center')
ON CONFLICT (name_ko) DO NOTHING;
INSERT INTO venues_simple (name_ko, city, venue_type) 
VALUES ('푸투라서울', '서울', 'gallery')
ON CONFLICT (name_ko) DO NOTHING;
INSERT INTO venues_simple (name_ko, city, venue_type) 
VALUES ('현대카드 스토리지', '서울', 'gallery')
ON CONFLICT (name_ko) DO NOTHING;
INSERT INTO venues_simple (name_ko, city, venue_type) 
VALUES ('아마도예술공간', '서울', 'gallery')
ON CONFLICT (name_ko) DO NOTHING;
INSERT INTO venues_simple (name_ko, city, venue_type) 
VALUES ('스페이스 소포라', '서울', 'gallery')
ON CONFLICT (name_ko) DO NOTHING;
INSERT INTO venues_simple (name_ko, city, venue_type) 
VALUES ('국립중앙박물관', '서울', 'gallery')
ON CONFLICT (name_ko) DO NOTHING;
INSERT INTO venues_simple (name_ko, city, venue_type) 
VALUES ('디스위켄드룸', '서울', 'gallery')
ON CONFLICT (name_ko) DO NOTHING;
INSERT INTO venues_simple (name_ko, city, venue_type) 
VALUES ('더현대 서울 ALT.1', '서울', 'gallery')
ON CONFLICT (name_ko) DO NOTHING;
INSERT INTO venues_simple (name_ko, city, venue_type) 
VALUES ('갤러리바톤', '서울', 'gallery')
ON CONFLICT (name_ko) DO NOTHING;
INSERT INTO venues_simple (name_ko, city, venue_type) 
VALUES ('MO BY CAN', '서울', 'gallery')
ON CONFLICT (name_ko) DO NOTHING;
INSERT INTO venues_simple (name_ko, city, venue_type) 
VALUES ('상업화랑 용산', '서울', 'gallery')
ON CONFLICT (name_ko) DO NOTHING;
INSERT INTO venues_simple (name_ko, city, venue_type) 
VALUES ('캔파운데이션', '서울', 'gallery')
ON CONFLICT (name_ko) DO NOTHING;
INSERT INTO venues_simple (name_ko, city, venue_type) 
VALUES ('예술의전당 한가람미술관', '서울', 'museum')
ON CONFLICT (name_ko) DO NOTHING;
INSERT INTO venues_simple (name_ko, city, venue_type) 
VALUES ('뉴스프링프로젝트', '서울', 'gallery')
ON CONFLICT (name_ko) DO NOTHING;
INSERT INTO venues_simple (name_ko, city, venue_type) 
VALUES ('DDP 뮤지엄', '서울', 'gallery')
ON CONFLICT (name_ko) DO NOTHING;
INSERT INTO venues_simple (name_ko, city, venue_type) 
VALUES ('BHAK', '서울', 'gallery')
ON CONFLICT (name_ko) DO NOTHING;
INSERT INTO venues_simple (name_ko, city, venue_type) 
VALUES ('페이스갤러리', '서울', 'gallery')
ON CONFLICT (name_ko) DO NOTHING;
INSERT INTO venues_simple (name_ko, city, venue_type) 
VALUES ('핌서울', '서울', 'gallery')
ON CONFLICT (name_ko) DO NOTHING;
INSERT INTO venues_simple (name_ko, city, venue_type) 
VALUES ('MUSEUM209', '서울', 'gallery')
ON CONFLICT (name_ko) DO NOTHING;
INSERT INTO venues_simple (name_ko, city, venue_type) 
VALUES ('휘슬', '서울', 'gallery')
ON CONFLICT (name_ko) DO NOTHING;
INSERT INTO venues_simple (name_ko, city, venue_type) 
VALUES ('파운드리서울', '서울', 'gallery')
ON CONFLICT (name_ko) DO NOTHING;
INSERT INTO venues_simple (name_ko, city, venue_type) 
VALUES ('파이프갤러리', '서울', 'gallery')
ON CONFLICT (name_ko) DO NOTHING;
INSERT INTO venues_simple (name_ko, city, venue_type) 
VALUES ('롯데뮤지엄', '서울', 'gallery')
ON CONFLICT (name_ko) DO NOTHING;
INSERT INTO venues_simple (name_ko, city, venue_type) 
VALUES ('IAH', '서울', 'gallery')
ON CONFLICT (name_ko) DO NOTHING;
INSERT INTO venues_simple (name_ko, city, venue_type) 
VALUES ('서울시립 북서울미술관', '서울', 'museum')
ON CONFLICT (name_ko) DO NOTHING;
INSERT INTO venues_simple (name_ko, city, venue_type) 
VALUES ('도도빌딩 3층', '서울', 'gallery')
ON CONFLICT (name_ko) DO NOTHING;
INSERT INTO venues_simple (name_ko, city, venue_type) 
VALUES ('프리즈 하우스 서울', '서울', 'gallery')
ON CONFLICT (name_ko) DO NOTHING;
INSERT INTO venues_simple (name_ko, city, venue_type) 
VALUES ('스페이스K 서울', '서울', 'gallery')
ON CONFLICT (name_ko) DO NOTHING;
INSERT INTO venues_simple (name_ko, city, venue_type) 
VALUES ('실린더 ONE', '서울', 'gallery')
ON CONFLICT (name_ko) DO NOTHING;
INSERT INTO venues_simple (name_ko, city, venue_type) 
VALUES ('우양미술관', '서울', 'museum')
ON CONFLICT (name_ko) DO NOTHING;
INSERT INTO venues_simple (name_ko, city, venue_type) 
VALUES ('국제갤러리 부산', '부산', 'gallery')
ON CONFLICT (name_ko) DO NOTHING;
INSERT INTO venues_simple (name_ko, city, venue_type) 
VALUES ('K&L 뮤지엄', '서울', 'gallery')
ON CONFLICT (name_ko) DO NOTHING;
INSERT INTO venues_simple (name_ko, city, venue_type) 
VALUES ('뮤지엄 산', '서울', 'gallery')
ON CONFLICT (name_ko) DO NOTHING;
INSERT INTO venues_simple (name_ko, city, venue_type) 
VALUES ('파주 임진각 평화누리', '서울', 'gallery')
ON CONFLICT (name_ko) DO NOTHING;
INSERT INTO venues_simple (name_ko, city, venue_type) 
VALUES ('CYLINDER TWO', '서울', 'gallery')
ON CONFLICT (name_ko) DO NOTHING;
INSERT INTO venues_simple (name_ko, city, venue_type) 
VALUES ('SHOWER', '서울', 'gallery')
ON CONFLICT (name_ko) DO NOTHING;
INSERT INTO venues_simple (name_ko, city, venue_type) 
VALUES ('Primary Practice', '서울', 'gallery')
ON CONFLICT (name_ko) DO NOTHING;
INSERT INTO venues_simple (name_ko, city, venue_type) 
VALUES ('뮤지엄헤드', '서울', 'gallery')
ON CONFLICT (name_ko) DO NOTHING;
INSERT INTO venues_simple (name_ko, city, venue_type) 
VALUES ('휘겸재', '서울', 'gallery')
ON CONFLICT (name_ko) DO NOTHING;

-- 전시 마스터 데이터
INSERT INTO exhibitions_master (
  id, start_date, end_date, status, exhibition_type, genre, is_featured
) VALUES (
  '3302dfde-aa8f-4058-9689-afd9e8fed311', '2025-08-01', '2025-08-20', 
  'ended', 'group', 'contemporary', false
);
INSERT INTO exhibitions_master (
  id, start_date, end_date, status, exhibition_type, genre, is_featured
) VALUES (
  '8b5fde39-5ec9-40bd-beea-3d59f3fdf569', '2025-08-01', '2025-08-20', 
  'ended', 'group', 'contemporary', false
);
INSERT INTO exhibitions_master (
  id, start_date, end_date, status, exhibition_type, genre, is_featured
) VALUES (
  '3fc0d1a3-ea22-46a6-b90f-1430a1d9b94a', '2025-08-01', '2025-08-20', 
  'ended', 'group', 'contemporary', false
);
INSERT INTO exhibitions_master (
  id, start_date, end_date, status, exhibition_type, genre, is_featured
) VALUES (
  'b9c8bdbf-0677-4b04-a402-8d3f2d5e2f0d', '2025-08-01', '2025-08-21', 
  'ended', 'solo', 'contemporary', false
);
INSERT INTO exhibitions_master (
  id, start_date, end_date, status, exhibition_type, genre, is_featured
) VALUES (
  'c0edfd38-c151-4f32-8eba-50e12f150312', '2025-08-01', '2025-08-21', 
  'ended', 'group', 'contemporary', false
);
INSERT INTO exhibitions_master (
  id, start_date, end_date, status, exhibition_type, genre, is_featured
) VALUES (
  '9f040e63-f565-4754-8486-f50df72cbca7', '2025-08-01', '2025-08-22', 
  'ended', 'group', 'contemporary', false
);
INSERT INTO exhibitions_master (
  id, start_date, end_date, status, exhibition_type, genre, is_featured
) VALUES (
  'b839b3dd-517d-41d3-8ce0-d932568f84c7', '2025-08-01', '2025-08-22', 
  'ended', 'group', 'contemporary', false
);
INSERT INTO exhibitions_master (
  id, start_date, end_date, status, exhibition_type, genre, is_featured
) VALUES (
  'dd42eaf6-7524-431a-9128-e7e513bfc104', '2025-08-01', '2025-08-23', 
  'ended', 'group', 'contemporary', false
);
INSERT INTO exhibitions_master (
  id, start_date, end_date, status, exhibition_type, genre, is_featured
) VALUES (
  '3796f0bf-c999-45c1-a033-c5b4c8f315cd', '2025-08-01', '2025-08-24', 
  'ended', 'group', 'contemporary', false
);
INSERT INTO exhibitions_master (
  id, start_date, end_date, status, exhibition_type, genre, is_featured
) VALUES (
  '9004bd36-523b-4bdd-a7a8-89f8407226a2', '2025-08-01', '2025-08-24', 
  'ended', 'group', 'contemporary', false
);
INSERT INTO exhibitions_master (
  id, start_date, end_date, status, exhibition_type, genre, is_featured
) VALUES (
  'a19ef4ee-58e8-4a13-9264-95a15bf0c5cf', '2025-08-01', '2025-08-24', 
  'ended', 'group', 'contemporary', false
);
INSERT INTO exhibitions_master (
  id, start_date, end_date, status, exhibition_type, genre, is_featured
) VALUES (
  '4cefbb8f-5ec5-42f3-a408-ac289d0283c7', '2025-08-01', '2025-08-24', 
  'ended', 'group', 'contemporary', false
);
INSERT INTO exhibitions_master (
  id, start_date, end_date, status, exhibition_type, genre, is_featured
) VALUES (
  'be1ba384-c92b-48b4-925b-9c53f52dc4dc', '2025-08-01', '2025-08-24', 
  'ended', 'group', 'contemporary', false
);
INSERT INTO exhibitions_master (
  id, start_date, end_date, status, exhibition_type, genre, is_featured
) VALUES (
  '7bda9eaa-274d-4425-b4e5-d6b1034ce1ce', '2025-08-01', '2025-08-24', 
  'ended', 'group', 'contemporary', false
);
INSERT INTO exhibitions_master (
  id, start_date, end_date, status, exhibition_type, genre, is_featured
) VALUES (
  'd641fdba-9fc4-4755-9490-e45062b8cfe1', '2025-08-01', '2025-08-24', 
  'ended', 'group', 'contemporary', false
);
INSERT INTO exhibitions_master (
  id, start_date, end_date, status, exhibition_type, genre, is_featured
) VALUES (
  'e3b8e8bd-1c60-469d-886b-e8b34b3e1a94', '2025-08-01', '2025-08-24', 
  'ended', 'group', 'contemporary', false
);
INSERT INTO exhibitions_master (
  id, start_date, end_date, status, exhibition_type, genre, is_featured
) VALUES (
  '773ef3dc-7e95-4307-ae7b-478e85da41ad', '2025-08-01', '2025-08-24', 
  'ended', 'group', 'contemporary', false
);
INSERT INTO exhibitions_master (
  id, start_date, end_date, status, exhibition_type, genre, is_featured
) VALUES (
  '7a9f5071-6b43-4d29-bd81-4e85cee532b4', '2025-08-20', '2025-08-26', 
  'ended', 'group', 'contemporary', false
);
INSERT INTO exhibitions_master (
  id, start_date, end_date, status, exhibition_type, genre, is_featured
) VALUES (
  '4da21b7a-5326-4506-bf81-3048b81f3ae6', '2025-08-01', '2025-08-27', 
  'ended', 'group', 'contemporary', false
);
INSERT INTO exhibitions_master (
  id, start_date, end_date, status, exhibition_type, genre, is_featured
) VALUES (
  '8fbbf502-cd4a-43a1-a279-61d4dc68301e', '2025-08-01', '2025-08-27', 
  'ended', 'solo', 'contemporary', false
);
INSERT INTO exhibitions_master (
  id, start_date, end_date, status, exhibition_type, genre, is_featured
) VALUES (
  '0210ab5d-36be-413e-8a5c-e0430a34e18d', '2025-08-01', '2025-08-28', 
  'ended', 'group', 'contemporary', false
);
INSERT INTO exhibitions_master (
  id, start_date, end_date, status, exhibition_type, genre, is_featured
) VALUES (
  '43082acf-aa25-496e-afcc-79429a022026', '2025-08-01', '2025-08-29', 
  'ended', 'group', 'contemporary', false
);
INSERT INTO exhibitions_master (
  id, start_date, end_date, status, exhibition_type, genre, is_featured
) VALUES (
  '4ed8bf66-2a95-45fc-93e9-94c1b5eca65b', '2025-08-01', '2025-08-29', 
  'ended', 'group', 'contemporary', false
);
INSERT INTO exhibitions_master (
  id, start_date, end_date, status, exhibition_type, genre, is_featured
) VALUES (
  '7be76fd2-36ea-4295-852f-113427abfa4f', '2025-08-14', '2025-11-16', 
  'ongoing', 'group', 'contemporary', true
);
INSERT INTO exhibitions_master (
  id, start_date, end_date, status, exhibition_type, genre, is_featured
) VALUES (
  '08557eb5-1231-45c2-b2e4-b1b86ded97a1', '2025-08-16', '2025-10-26', 
  'ongoing', 'group', 'contemporary', false
);
INSERT INTO exhibitions_master (
  id, start_date, end_date, status, exhibition_type, genre, is_featured
) VALUES (
  '7d85453c-e56f-4b80-aa17-9c511a9053ee', '2025-08-22', '2025-12-21', 
  'ongoing', 'group', 'contemporary', false
);
INSERT INTO exhibitions_master (
  id, start_date, end_date, status, exhibition_type, genre, is_featured
) VALUES (
  '042cf7d4-f82a-40ad-929c-6b1f050f330e', '2025-08-22', '2025-10-16', 
  'ongoing', 'group', 'contemporary', false
);
INSERT INTO exhibitions_master (
  id, start_date, end_date, status, exhibition_type, genre, is_featured
) VALUES (
  'c0b44638-d047-4ce3-a840-96ec440320a4', '2025-08-22', '2025-11-30', 
  'ongoing', 'group', 'contemporary', false
);
INSERT INTO exhibitions_master (
  id, start_date, end_date, status, exhibition_type, genre, is_featured
) VALUES (
  'c8b94754-6fd0-4705-9519-261dde7ef73a', '2025-08-23', '2025-09-17', 
  'ongoing', 'solo', 'contemporary', true
);
INSERT INTO exhibitions_master (
  id, start_date, end_date, status, exhibition_type, genre, is_featured
) VALUES (
  '599c513b-2549-43be-99f2-2c002c97058f', '2025-08-22', '2025-10-26', 
  'ongoing', 'group', 'contemporary', false
);
INSERT INTO exhibitions_master (
  id, start_date, end_date, status, exhibition_type, genre, is_featured
) VALUES (
  '1bc3bd6c-03a3-4f98-93d3-8a704afcc6cb', '2025-08-26', '2025-10-19', 
  'ongoing', 'group', 'contemporary', true
);
INSERT INTO exhibitions_master (
  id, start_date, end_date, status, exhibition_type, genre, is_featured
) VALUES (
  '09e6a03d-4919-437f-a4c8-994da59cc80a', '2025-08-26', '2025-11-23', 
  'ongoing', 'solo', 'contemporary', false
);
INSERT INTO exhibitions_master (
  id, start_date, end_date, status, exhibition_type, genre, is_featured
) VALUES (
  '029aeb9c-8399-4179-8e2a-0dde5b30a8b2', '2025-08-26', '2025-11-16', 
  'ongoing', 'group', 'contemporary', false
);
INSERT INTO exhibitions_master (
  id, start_date, end_date, status, exhibition_type, genre, is_featured
) VALUES (
  'f9951d31-1dc0-4abf-b6f8-50ea4f473a61', '2025-08-26', '2025-09-26', 
  'ongoing', 'group', 'contemporary', false
);
INSERT INTO exhibitions_master (
  id, start_date, end_date, status, exhibition_type, genre, is_featured
) VALUES (
  '198c7808-0d6f-4ba0-a599-3ba50310120e', '2025-08-26', '2025-09-13', 
  'ongoing', 'group', 'contemporary', false
);
INSERT INTO exhibitions_master (
  id, start_date, end_date, status, exhibition_type, genre, is_featured
) VALUES (
  '631643b3-d133-4888-9d21-e3974d05f461', '2025-08-26', '2025-10-19', 
  'ongoing', 'group', 'contemporary', false
);
INSERT INTO exhibitions_master (
  id, start_date, end_date, status, exhibition_type, genre, is_featured
) VALUES (
  'dfaf1ee5-6ce6-4032-abc7-d6337fb9d514', '2025-08-26', '2025-11-17', 
  'ongoing', 'group', 'contemporary', false
);
INSERT INTO exhibitions_master (
  id, start_date, end_date, status, exhibition_type, genre, is_featured
) VALUES (
  '6b2aa948-229b-4944-905b-b3cb089715a8', '2025-08-27', '2025-10-19', 
  'ongoing', 'group', 'contemporary', true
);
INSERT INTO exhibitions_master (
  id, start_date, end_date, status, exhibition_type, genre, is_featured
) VALUES (
  '8e98ab5e-01a2-47ee-8e77-4959df6115a1', '2025-08-27', '2025-10-18', 
  'ongoing', 'solo', 'contemporary', false
);
INSERT INTO exhibitions_master (
  id, start_date, end_date, status, exhibition_type, genre, is_featured
) VALUES (
  'a0e9bd16-9f97-4cdd-882c-9ea20eadca4c', '2025-08-27', '2025-10-05', 
  'ongoing', 'group', 'contemporary', true
);
INSERT INTO exhibitions_master (
  id, start_date, end_date, status, exhibition_type, genre, is_featured
) VALUES (
  '4b262fe8-6461-459a-9034-b8c3dc6846ff', '2025-08-27', '2025-10-25', 
  'ongoing', 'group', 'contemporary', false
);
INSERT INTO exhibitions_master (
  id, start_date, end_date, status, exhibition_type, genre, is_featured
) VALUES (
  'e81f5a21-6807-40d6-aacb-bdc907fedab6', '2025-08-27', '2025-09-28', 
  'ongoing', 'group', 'contemporary', false
);
INSERT INTO exhibitions_master (
  id, start_date, end_date, status, exhibition_type, genre, is_featured
) VALUES (
  '3e4c0952-c881-4bf4-83a5-c0a5ae525f64', '2025-08-27', '2025-09-27', 
  'ongoing', 'group', 'contemporary', false
);
INSERT INTO exhibitions_master (
  id, start_date, end_date, status, exhibition_type, genre, is_featured
) VALUES (
  'ca2a2f62-af38-405e-bf98-3b00ecf45d29', '2025-08-27', '2025-09-30', 
  'ongoing', 'group', 'contemporary', false
);
INSERT INTO exhibitions_master (
  id, start_date, end_date, status, exhibition_type, genre, is_featured
) VALUES (
  '6b852843-93b2-4131-a76a-b13891187d21', '2025-08-27', '2025-09-27', 
  'ongoing', 'group', 'contemporary', false
);
INSERT INTO exhibitions_master (
  id, start_date, end_date, status, exhibition_type, genre, is_featured
) VALUES (
  '8562d416-423e-41b3-876e-480e9b8e718f', '2025-08-27', '2025-10-27', 
  'ongoing', 'group', 'contemporary', false
);
INSERT INTO exhibitions_master (
  id, start_date, end_date, status, exhibition_type, genre, is_featured
) VALUES (
  '68354081-fa0d-46c5-9f03-91c45df032e5', '2025-08-27', '2025-09-27', 
  'ongoing', 'group', 'contemporary', false
);
INSERT INTO exhibitions_master (
  id, start_date, end_date, status, exhibition_type, genre, is_featured
) VALUES (
  '06c3d555-7475-4f66-a1bf-cda1ede8153f', '2025-08-27', '2025-09-27', 
  'ongoing', 'group', 'contemporary', false
);
INSERT INTO exhibitions_master (
  id, start_date, end_date, status, exhibition_type, genre, is_featured
) VALUES (
  '92940967-6fa1-4c4e-9a02-442d4a03fd22', '2025-08-28', '2025-09-20', 
  'ongoing', 'group', 'contemporary', false
);
INSERT INTO exhibitions_master (
  id, start_date, end_date, status, exhibition_type, genre, is_featured
) VALUES (
  '72da577c-aacb-472e-a532-5b1e155d9999', '2025-08-28', '2025-10-28', 
  'ongoing', 'group', 'contemporary', false
);
INSERT INTO exhibitions_master (
  id, start_date, end_date, status, exhibition_type, genre, is_featured
) VALUES (
  '15b75835-13c8-4cd3-a8b2-381ab485df4a', '2025-08-28', '2025-09-28', 
  'ongoing', 'group', 'contemporary', false
);
INSERT INTO exhibitions_master (
  id, start_date, end_date, status, exhibition_type, genre, is_featured
) VALUES (
  'd0a317e6-81b2-4a34-98c0-2f1a827a44d6', '2025-08-28', '2025-09-28', 
  'ongoing', 'group', 'contemporary', false
);
INSERT INTO exhibitions_master (
  id, start_date, end_date, status, exhibition_type, genre, is_featured
) VALUES (
  'd3df5174-3207-4929-a7ca-1543eb0986c4', '2025-08-28', '2025-09-28', 
  'ongoing', 'group', 'contemporary', false
);
INSERT INTO exhibitions_master (
  id, start_date, end_date, status, exhibition_type, genre, is_featured
) VALUES (
  '11644bb4-e8f2-4b34-9589-07f9dda34ce0', '2025-08-28', '2025-10-28', 
  'ongoing', 'group', 'contemporary', false
);
INSERT INTO exhibitions_master (
  id, start_date, end_date, status, exhibition_type, genre, is_featured
) VALUES (
  '5264db03-f0f9-49cc-889a-ff0ea0ebcb81', '2025-08-28', '2025-09-28', 
  'ongoing', 'group', 'contemporary', false
);
INSERT INTO exhibitions_master (
  id, start_date, end_date, status, exhibition_type, genre, is_featured
) VALUES (
  'f4952c52-a5b1-44a2-9484-f301caaa8df4', '2025-08-28', '2025-09-28', 
  'ongoing', 'group', 'contemporary', false
);
INSERT INTO exhibitions_master (
  id, start_date, end_date, status, exhibition_type, genre, is_featured
) VALUES (
  'a49ff5f9-a4ce-43b6-ab39-22fa4a18b3dd', '2025-08-28', '2025-09-28', 
  'ongoing', 'group', 'contemporary', false
);
INSERT INTO exhibitions_master (
  id, start_date, end_date, status, exhibition_type, genre, is_featured
) VALUES (
  '1ab5bbf2-950d-45b2-8b11-83bfc82ceb4a', '2025-08-28', '2025-10-28', 
  'ongoing', 'group', 'contemporary', false
);
INSERT INTO exhibitions_master (
  id, start_date, end_date, status, exhibition_type, genre, is_featured
) VALUES (
  'e515d623-7df8-4597-aafd-acc088e82f56', '2025-08-28', '2025-11-28', 
  'ongoing', 'group', 'contemporary', false
);
INSERT INTO exhibitions_master (
  id, start_date, end_date, status, exhibition_type, genre, is_featured
) VALUES (
  '3bd93825-b3bb-4fee-a6c4-2da70c062c89', '2025-08-28', '2025-09-28', 
  'ongoing', 'group', 'contemporary', false
);
INSERT INTO exhibitions_master (
  id, start_date, end_date, status, exhibition_type, genre, is_featured
) VALUES (
  'e83e53ec-7afb-4850-bde4-8218970045fa', '2025-08-30', '2025-12-31', 
  'ongoing', 'group', 'contemporary', false
);
INSERT INTO exhibitions_master (
  id, start_date, end_date, status, exhibition_type, genre, is_featured
) VALUES (
  '9f936972-6ae0-4d37-99d2-28c4eacaa590', '2025-08-30', '2025-11-30', 
  'ongoing', 'group', 'contemporary', false
);
INSERT INTO exhibitions_master (
  id, start_date, end_date, status, exhibition_type, genre, is_featured
) VALUES (
  '7b30f4b8-7b5c-4ff7-b63c-4c215968bec6', '2025-08-30', '2025-10-19', 
  'ongoing', 'group', 'contemporary', false
);
INSERT INTO exhibitions_master (
  id, start_date, end_date, status, exhibition_type, genre, is_featured
) VALUES (
  '422ac0ea-0cad-4a33-a20a-8d040f32ae60', '2025-08-29', '2025-10-30', 
  'ongoing', 'group', 'contemporary', false
);
INSERT INTO exhibitions_master (
  id, start_date, end_date, status, exhibition_type, genre, is_featured
) VALUES (
  '199aface-75dc-4e6c-a9d5-b5998fce2b43', '2025-08-29', '2025-10-29', 
  'ongoing', 'group', 'contemporary', false
);
INSERT INTO exhibitions_master (
  id, start_date, end_date, status, exhibition_type, genre, is_featured
) VALUES (
  '20351845-267e-4666-bfe1-5cc57151e401', '2025-08-29', '2025-11-30', 
  'ongoing', 'group', 'contemporary', true
);
INSERT INTO exhibitions_master (
  id, start_date, end_date, status, exhibition_type, genre, is_featured
) VALUES (
  '9e5d34a7-94d3-4867-a9bd-5f0dc1d3a55b', '2026-08-29', '2026-02-01', 
  'upcoming', 'group', 'contemporary', false
);
INSERT INTO exhibitions_master (
  id, start_date, end_date, status, exhibition_type, genre, is_featured
) VALUES (
  '8692fcca-8cb1-45ad-b929-2193c057a8cb', '2025-08-29', '2025-10-29', 
  'ongoing', 'group', 'contemporary', false
);
INSERT INTO exhibitions_master (
  id, start_date, end_date, status, exhibition_type, genre, is_featured
) VALUES (
  '5100ad39-d020-4796-966d-1f48e707943d', '2025-08-29', '2025-09-18', 
  'ongoing', 'group', 'contemporary', false
);
INSERT INTO exhibitions_master (
  id, start_date, end_date, status, exhibition_type, genre, is_featured
) VALUES (
  '41f6f03e-94d5-4807-b7a8-719e3be3741a', '2025-08-29', '2025-10-29', 
  'ongoing', 'group', 'contemporary', false
);
INSERT INTO exhibitions_master (
  id, start_date, end_date, status, exhibition_type, genre, is_featured
) VALUES (
  '45558392-c5bf-4dd9-aec4-a7c38eee4f51', '2025-08-29', '2025-09-27', 
  'ongoing', 'group', 'contemporary', false
);
INSERT INTO exhibitions_master (
  id, start_date, end_date, status, exhibition_type, genre, is_featured
) VALUES (
  '31111dd8-383c-4c8c-ac74-a1f8b1a07b7d', '2025-08-29', '2025-09-29', 
  'ongoing', 'group', 'contemporary', false
);
INSERT INTO exhibitions_master (
  id, start_date, end_date, status, exhibition_type, genre, is_featured
) VALUES (
  '779a926e-efd8-4e81-97f6-338ebc3e2345', '2025-08-29', '2025-09-30', 
  'ongoing', 'group', 'contemporary', false
);
INSERT INTO exhibitions_master (
  id, start_date, end_date, status, exhibition_type, genre, is_featured
) VALUES (
  '9419865f-5400-4643-b634-73f53b8714ea', '2025-08-30', '2025-10-30', 
  'ongoing', 'solo', 'contemporary', false
);
INSERT INTO exhibitions_master (
  id, start_date, end_date, status, exhibition_type, genre, is_featured
) VALUES (
  'aa9e095d-ca4c-416d-ba79-32e7a5869533', '2025-08-30', '2025-09-30', 
  'ongoing', 'group', 'contemporary', false
);
INSERT INTO exhibitions_master (
  id, start_date, end_date, status, exhibition_type, genre, is_featured
) VALUES (
  '73881e04-bd7e-4145-896b-dbf4ea4418ed', '2025-08-30', '2025-09-27', 
  'ongoing', 'group', 'contemporary', false
);
INSERT INTO exhibitions_master (
  id, start_date, end_date, status, exhibition_type, genre, is_featured
) VALUES (
  'a11097e5-20d8-4fbb-9e79-1192773433c9', '2025-08-30', '2025-10-30', 
  'ongoing', 'group', 'contemporary', false
);
INSERT INTO exhibitions_master (
  id, start_date, end_date, status, exhibition_type, genre, is_featured
) VALUES (
  'c385b203-517e-4d6e-bfed-0b6757620107', '2025-08-30', '2025-10-30', 
  'ongoing', 'group', 'contemporary', false
);
INSERT INTO exhibitions_master (
  id, start_date, end_date, status, exhibition_type, genre, is_featured
) VALUES (
  '4ea451ec-f2c6-48cf-8ee6-ff3b019ce2f9', '2025-08-30', '2025-09-30', 
  'ongoing', 'group', 'contemporary', false
);
INSERT INTO exhibitions_master (
  id, start_date, end_date, status, exhibition_type, genre, is_featured
) VALUES (
  'c7b89b40-0348-4baa-9408-6287432729ee', '2025-08-30', '2025-10-30', 
  'ongoing', 'group', 'contemporary', false
);
INSERT INTO exhibitions_master (
  id, start_date, end_date, status, exhibition_type, genre, is_featured
) VALUES (
  '3397116a-e67a-4e3f-816c-104e99bf1643', '2025-08-30', '2025-10-30', 
  'ongoing', 'group', 'contemporary', false
);
INSERT INTO exhibitions_master (
  id, start_date, end_date, status, exhibition_type, genre, is_featured
) VALUES (
  'c425de87-7c43-4497-81b3-4b733370cc2b', '2025-09-01', '2025-10-12', 
  'upcoming', 'group', 'contemporary', false
);
INSERT INTO exhibitions_master (
  id, start_date, end_date, status, exhibition_type, genre, is_featured
) VALUES (
  'f58ab033-7e95-4c36-86f5-0a19341793ba', '2025-09-02', '2025-09-14', 
  'upcoming', 'solo', 'contemporary', false
);
INSERT INTO exhibitions_master (
  id, start_date, end_date, status, exhibition_type, genre, is_featured
) VALUES (
  '701cbfd2-2527-4096-a962-a637194f7919', '2025-09-02', '2025-09-30', 
  'upcoming', 'group', 'contemporary', false
);
INSERT INTO exhibitions_master (
  id, start_date, end_date, status, exhibition_type, genre, is_featured
) VALUES (
  'a663bde1-75ae-48bc-b0d4-11d3e4301379', '2025-09-02', '2025-10-26', 
  'upcoming', 'group', 'contemporary', true
);
INSERT INTO exhibitions_master (
  id, start_date, end_date, status, exhibition_type, genre, is_featured
) VALUES (
  '8aa4c59b-e692-4266-a191-3d3c62744dbe', '2025-09-02', '2025-10-26', 
  'upcoming', 'group', 'contemporary', true
);
INSERT INTO exhibitions_master (
  id, start_date, end_date, status, exhibition_type, genre, is_featured
) VALUES (
  'f956ecc0-835c-4029-8bf7-f4632e3bf364', '2025-09-02', '2025-09-30', 
  'upcoming', 'group', 'contemporary', false
);
INSERT INTO exhibitions_master (
  id, start_date, end_date, status, exhibition_type, genre, is_featured
) VALUES (
  'bb16b2c0-fc0a-42c7-a5de-a43ff3875a47', '2025-09-02', '2025-11-08', 
  'upcoming', 'group', 'contemporary', false
);
INSERT INTO exhibitions_master (
  id, start_date, end_date, status, exhibition_type, genre, is_featured
) VALUES (
  'fb041611-f4df-49d3-8268-543ccdadaed5', '2025-09-02', '2025-10-25', 
  'upcoming', 'group', 'contemporary', false
);
INSERT INTO exhibitions_master (
  id, start_date, end_date, status, exhibition_type, genre, is_featured
) VALUES (
  'f3f7254f-ced8-4c61-942c-9d0032ded75d', '2025-09-02', '2025-10-11', 
  'upcoming', 'group', 'contemporary', true
);
INSERT INTO exhibitions_master (
  id, start_date, end_date, status, exhibition_type, genre, is_featured
) VALUES (
  '77153311-e86a-49c2-b70c-e6f1ba5d9564', '2025-09-02', '2025-10-25', 
  'upcoming', 'group', 'contemporary', false
);
INSERT INTO exhibitions_master (
  id, start_date, end_date, status, exhibition_type, genre, is_featured
) VALUES (
  'c9bf2926-7f41-4d49-92cc-5d33b759b802', '2025-09-02', '2025-10-25', 
  'upcoming', 'group', 'contemporary', false
);
INSERT INTO exhibitions_master (
  id, start_date, end_date, status, exhibition_type, genre, is_featured
) VALUES (
  'f6e31c8f-4be7-4ca9-938e-d1a1ac197707', '2026-09-03', '2026-02-01', 
  'upcoming', 'group', 'contemporary', false
);
INSERT INTO exhibitions_master (
  id, start_date, end_date, status, exhibition_type, genre, is_featured
) VALUES (
  'f519ed92-95dc-4cfb-b21e-e8485d5bd4be', '2025-09-03', '2025-09-06', 
  'upcoming', 'group', 'contemporary', false
);
INSERT INTO exhibitions_master (
  id, start_date, end_date, status, exhibition_type, genre, is_featured
) VALUES (
  '98a6283e-7caf-4c1e-83cf-e929cf15665d', '2025-09-03', '2025-09-07', 
  'upcoming', 'group', 'contemporary', false
);
INSERT INTO exhibitions_master (
  id, start_date, end_date, status, exhibition_type, genre, is_featured
) VALUES (
  '7e6594b5-5a79-465b-804b-fbedbc2307d0', '2026-09-04', '2026-01-04', 
  'upcoming', 'solo', 'contemporary', true
);
INSERT INTO exhibitions_master (
  id, start_date, end_date, status, exhibition_type, genre, is_featured
) VALUES (
  'ac7fc0a6-dfe3-41ff-9cd0-72de495cc382', '2025-04-25', '2025-09-07', 
  'ongoing', 'group', 'contemporary', true
);
INSERT INTO exhibitions_master (
  id, start_date, end_date, status, exhibition_type, genre, is_featured
) VALUES (
  'b246344d-c352-4d38-92f7-f6a7e6ed3ea7', '2025-07-01', '2025-09-07', 
  'ongoing', 'solo', 'contemporary', false
);
INSERT INTO exhibitions_master (
  id, start_date, end_date, status, exhibition_type, genre, is_featured
) VALUES (
  'eaedcbc0-5a59-4200-a5a5-d7b6cfeec4cb', '2025-07-01', '2025-09-07', 
  'ongoing', 'solo', 'contemporary', false
);
INSERT INTO exhibitions_master (
  id, start_date, end_date, status, exhibition_type, genre, is_featured
) VALUES (
  '74e7801e-409c-43c1-83ca-8d3b369b46b7', '2025-07-01', '2025-09-07', 
  'ongoing', 'solo', 'contemporary', false
);
INSERT INTO exhibitions_master (
  id, start_date, end_date, status, exhibition_type, genre, is_featured
) VALUES (
  '9086ed2a-b990-4fb7-8509-cadd44e5f861', '2025-08-01', '2025-09-07', 
  'ongoing', 'group', 'contemporary', false
);
INSERT INTO exhibitions_master (
  id, start_date, end_date, status, exhibition_type, genre, is_featured
) VALUES (
  '2e5144f0-cea6-4a9b-a278-8145774ea59b', '2025-09-10', '2025-10-22', 
  'upcoming', 'group', 'contemporary', false
);
INSERT INTO exhibitions_master (
  id, start_date, end_date, status, exhibition_type, genre, is_featured
) VALUES (
  '0efc4bf3-d77f-40ae-a381-fa5491d80085', '2025-07-01', '2025-09-14', 
  'ongoing', 'group', 'contemporary', false
);
INSERT INTO exhibitions_master (
  id, start_date, end_date, status, exhibition_type, genre, is_featured
) VALUES (
  'dd1ff30f-4264-4d3f-93ff-feedc48f6b68', '2025-09-17', '2025-10-25', 
  'upcoming', 'group', 'contemporary', false
);
INSERT INTO exhibitions_master (
  id, start_date, end_date, status, exhibition_type, genre, is_featured
) VALUES (
  'aeaddec3-d24f-4db1-92b3-3869bcb4ad9f', '2025-07-01', '2025-09-20', 
  'ongoing', 'group', 'contemporary', false
);
INSERT INTO exhibitions_master (
  id, start_date, end_date, status, exhibition_type, genre, is_featured
) VALUES (
  '3a9c7eb2-5722-4541-bf4f-dcc85adbf0f1', '2025-08-01', '2025-09-20', 
  'ongoing', 'group', 'contemporary', false
);
INSERT INTO exhibitions_master (
  id, start_date, end_date, status, exhibition_type, genre, is_featured
) VALUES (
  '252d608d-d4b7-43e2-b8ad-fd06562b9310', '2025-08-01', '2025-09-20', 
  'ongoing', 'group', 'contemporary', false
);
INSERT INTO exhibitions_master (
  id, start_date, end_date, status, exhibition_type, genre, is_featured
) VALUES (
  '1cac6a4f-ffc2-4c6e-8342-5684ef13570b', '2025-08-01', '2025-09-20', 
  'ongoing', 'group', 'contemporary', false
);
INSERT INTO exhibitions_master (
  id, start_date, end_date, status, exhibition_type, genre, is_featured
) VALUES (
  '72f32942-1fb0-44aa-8721-a7b0da597d50', '2025-08-01', '2025-09-20', 
  'ongoing', 'group', 'contemporary', false
);
INSERT INTO exhibitions_master (
  id, start_date, end_date, status, exhibition_type, genre, is_featured
) VALUES (
  'd6337582-72de-4098-bc69-b6058a243168', '2026-09-20', '2026-01-25', 
  'upcoming', 'special', 'contemporary', false
);
INSERT INTO exhibitions_master (
  id, start_date, end_date, status, exhibition_type, genre, is_featured
) VALUES (
  '726493cf-74fc-447e-a740-069ed20e236b', '2025-05-15', '2025-09-21', 
  'ongoing', 'special', 'contemporary', false
);
INSERT INTO exhibitions_master (
  id, start_date, end_date, status, exhibition_type, genre, is_featured
) VALUES (
  '035b8d22-6e7d-4f6d-b81e-f97c00654bc7', '2025-08-01', '2025-09-21', 
  'ongoing', 'group', 'contemporary', false
);
INSERT INTO exhibitions_master (
  id, start_date, end_date, status, exhibition_type, genre, is_featured
) VALUES (
  '23d43375-350a-4fff-ab24-ba3b8b3cc784', '2026-09-23', '2026-01-31', 
  'upcoming', 'group', 'contemporary', false
);
INSERT INTO exhibitions_master (
  id, start_date, end_date, status, exhibition_type, genre, is_featured
) VALUES (
  'e3dd8385-6d6a-42e9-a83a-594e30bd0af5', '2025-06-20', '2025-09-24', 
  'ongoing', 'group', 'contemporary', false
);
INSERT INTO exhibitions_master (
  id, start_date, end_date, status, exhibition_type, genre, is_featured
) VALUES (
  '79255d78-61c2-438a-9363-b566f156e727', '2025-08-01', '2025-09-27', 
  'ongoing', 'group', 'contemporary', false
);
INSERT INTO exhibitions_master (
  id, start_date, end_date, status, exhibition_type, genre, is_featured
) VALUES (
  '89ef0996-88b1-4903-b8f0-6f652a9ae145', '2025-07-01', '2025-09-27', 
  'ongoing', 'group', 'contemporary', false
);
INSERT INTO exhibitions_master (
  id, start_date, end_date, status, exhibition_type, genre, is_featured
) VALUES (
  '0f12a1b7-afc5-43ed-8136-2940790b9222', '2025-08-01', '2025-09-27', 
  'ongoing', 'group', 'contemporary', false
);
INSERT INTO exhibitions_master (
  id, start_date, end_date, status, exhibition_type, genre, is_featured
) VALUES (
  '4f6bbb33-3718-4963-868f-5830e5bf8bcb', '2025-08-01', '2025-09-28', 
  'ongoing', 'group', 'contemporary', false
);
INSERT INTO exhibitions_master (
  id, start_date, end_date, status, exhibition_type, genre, is_featured
) VALUES (
  'ca70cce0-23eb-4b4e-846a-5f43c7b4d3a1', '2025-08-30', '2025-10-18', 
  'ongoing', 'group', 'contemporary', false
);
INSERT INTO exhibitions_master (
  id, start_date, end_date, status, exhibition_type, genre, is_featured
) VALUES (
  'c93273d0-3e97-4170-87ee-f56d0176bc16', '2025-08-23', '2025-10-04', 
  'ongoing', 'group', 'contemporary', false
);
INSERT INTO exhibitions_master (
  id, start_date, end_date, status, exhibition_type, genre, is_featured
) VALUES (
  '7ef3a54d-c849-4231-880c-75b6cb6fffbd', '2025-08-01', '2025-09-03', 
  'ongoing', 'group', 'contemporary', false
);
INSERT INTO exhibitions_master (
  id, start_date, end_date, status, exhibition_type, genre, is_featured
) VALUES (
  '2e83ad89-76e2-4141-9b8b-04e0064c28f8', '2025-08-01', '2025-10-31', 
  'ongoing', 'solo', 'contemporary', false
);
INSERT INTO exhibitions_master (
  id, start_date, end_date, status, exhibition_type, genre, is_featured
) VALUES (
  '74bdd820-4e0d-40e6-875b-0d9a22ceb95d', '2025-08-23', '2025-09-21', 
  'ongoing', 'group', 'contemporary', false
);
INSERT INTO exhibitions_master (
  id, start_date, end_date, status, exhibition_type, genre, is_featured
) VALUES (
  'e81b3c33-4e4c-47b7-b740-8c5e5b048929', '2025-08-14', '2025-11-02', 
  'ongoing', 'group', 'contemporary', false
);
INSERT INTO exhibitions_master (
  id, start_date, end_date, status, exhibition_type, genre, is_featured
) VALUES (
  'c96d22a4-d1e4-4a98-a3b5-59ee9fd1d33c', '2025-08-15', '2025-09-07', 
  'ongoing', 'group', 'contemporary', false
);
INSERT INTO exhibitions_master (
  id, start_date, end_date, status, exhibition_type, genre, is_featured
) VALUES (
  '5837048a-b1d1-4f01-a8c1-dac6437c696b', '2025-00-00', '2025-09-02', 
  'ongoing', 'group', 'contemporary', false
);
INSERT INTO exhibitions_master (
  id, start_date, end_date, status, exhibition_type, genre, is_featured
) VALUES (
  '48875cc5-21da-4724-a54a-9391808dec6e', '2025-08-14', '2025-11-09', 
  'ongoing', 'group', 'contemporary', false
);
INSERT INTO exhibitions_master (
  id, start_date, end_date, status, exhibition_type, genre, is_featured
) VALUES (
  'ba1dfdf1-54f4-4320-acb0-bf10e85a3cff', '2026-08-30', '2026-01-04', 
  'upcoming', 'group', 'contemporary', true
);
INSERT INTO exhibitions_master (
  id, start_date, end_date, status, exhibition_type, genre, is_featured
) VALUES (
  '4870428a-8770-497b-98eb-5bfce000a654', '2025-08-22', '2025-09-21', 
  'ongoing', 'group', 'contemporary', false
);
INSERT INTO exhibitions_master (
  id, start_date, end_date, status, exhibition_type, genre, is_featured
) VALUES (
  '85a023c1-d2bb-4050-a3ef-3e5ee8dca3d5', '2025-07-20', '2025-11-30', 
  'ongoing', 'group', 'contemporary', false
);
INSERT INTO exhibitions_master (
  id, start_date, end_date, status, exhibition_type, genre, is_featured
) VALUES (
  'b9912c4b-b6b8-4964-a678-787794f36084', '2025-07-20', '2025-11-30', 
  'ongoing', 'group', 'contemporary', false
);
INSERT INTO exhibitions_master (
  id, start_date, end_date, status, exhibition_type, genre, is_featured
) VALUES (
  '0d1947d2-edd7-4ef0-a847-aad2c118c519', '2025-08-22', '2025-10-19', 
  'ongoing', 'group', 'contemporary', false
);
INSERT INTO exhibitions_master (
  id, start_date, end_date, status, exhibition_type, genre, is_featured
) VALUES (
  '706b4e01-10f8-45a9-9795-378448c87480', '2025-08-28', '2025-12-28', 
  'ongoing', 'group', 'contemporary', false
);
INSERT INTO exhibitions_master (
  id, start_date, end_date, status, exhibition_type, genre, is_featured
) VALUES (
  'e14eff0b-e434-4361-a9db-97bd3753ae7d', '2025-06-20', '2025-11-30', 
  'ongoing', 'group', 'contemporary', false
);
INSERT INTO exhibitions_master (
  id, start_date, end_date, status, exhibition_type, genre, is_featured
) VALUES (
  'd70a4d0b-9ff1-4997-a6f3-a1b462c17523', '2025-08-11', '2025-11-05', 
  'ongoing', 'group', 'contemporary', false
);
INSERT INTO exhibitions_master (
  id, start_date, end_date, status, exhibition_type, genre, is_featured
) VALUES (
  '0289c41c-ac4f-4271-9b1a-b07e5467f39b', '2025-07-19', '2025-10-26', 
  'ongoing', 'group', 'contemporary', true
);
INSERT INTO exhibitions_master (
  id, start_date, end_date, status, exhibition_type, genre, is_featured
) VALUES (
  'cbdeb5d5-ac11-4d3a-81a7-9033052e7424', '2025-08-30', '2025-09-28', 
  'ongoing', 'group', 'contemporary', false
);
INSERT INTO exhibitions_master (
  id, start_date, end_date, status, exhibition_type, genre, is_featured
) VALUES (
  '169d5dff-4e04-4ff4-ac84-97f3caaa513f', '2025-08-22', '2025-09-14', 
  'ongoing', 'group', 'contemporary', false
);
INSERT INTO exhibitions_master (
  id, start_date, end_date, status, exhibition_type, genre, is_featured
) VALUES (
  'e145a15c-fd5f-4084-92aa-0bb5f682cfb6', '2025-08-29', '2025-10-11', 
  'ongoing', 'group', 'contemporary', false
);
INSERT INTO exhibitions_master (
  id, start_date, end_date, status, exhibition_type, genre, is_featured
) VALUES (
  'be45207e-852d-481c-8f89-deafe7cfa41e', '2025-07-16', '2025-09-06', 
  'ongoing', 'group', 'contemporary', false
);
INSERT INTO exhibitions_master (
  id, start_date, end_date, status, exhibition_type, genre, is_featured
) VALUES (
  '0ee5d575-6ea6-4339-b8b5-9fa150fef9c4', '2025-08-24', '2025-09-15', 
  'ongoing', 'solo', 'contemporary', false
);

-- 전시 번역 데이터 (한글)
INSERT INTO exhibitions_translations (
  exhibition_id, language_code, exhibition_title, artists, venue_name, city
) VALUES (
  '3302dfde-aa8f-4058-9689-afd9e8fed311', 'ko', 
  '8월 메이저 경매', ARRAY[]::TEXT[],
  '케이옥션', '서울'
);
INSERT INTO exhibitions_translations (
  exhibition_id, language_code, exhibition_title, artists, venue_name, city
) VALUES (
  '8b5fde39-5ec9-40bd-beea-3d59f3fdf569', 'ko', 
  '김민조·오주안·홍세진', ARRAY[]::TEXT[],
  '상업화랑 을지로', '서울'
);
INSERT INTO exhibitions_translations (
  exhibition_id, language_code, exhibition_title, artists, venue_name, city
) VALUES (
  '3fc0d1a3-ea22-46a6-b90f-1430a1d9b94a', 'ko', 
  '김기정·로지은', ARRAY[]::TEXT[],
  '눈 컨템포러리', '서울'
);
INSERT INTO exhibitions_translations (
  exhibition_id, language_code, exhibition_title, artists, venue_name, city
) VALUES (
  'b9c8bdbf-0677-4b04-a402-8d3f2d5e2f0d', 'ko', 
  '전통의 재해석', ARRAY['갓'],
  '링크서울', '서울'
);
INSERT INTO exhibitions_translations (
  exhibition_id, language_code, exhibition_title, artists, venue_name, city
) VALUES (
  'c0edfd38-c151-4f32-8eba-50e12f150312', 'ko', 
  '박지원', ARRAY[]::TEXT[],
  '스페이스 카다로그', '서울'
);
INSERT INTO exhibitions_translations (
  exhibition_id, language_code, exhibition_title, artists, venue_name, city
) VALUES (
  '9f040e63-f565-4754-8486-f50df72cbca7', 'ko', 
  '리리리 이보배', ARRAY[]::TEXT[],
  '코소', '서울'
);
INSERT INTO exhibitions_translations (
  exhibition_id, language_code, exhibition_title, artists, venue_name, city
) VALUES (
  'b839b3dd-517d-41d3-8ce0-d932568f84c7', 'ko', 
  '우리의 몸에는 타인이 깃든다', ARRAY[]::TEXT[],
  '모두미술공간', '서울'
);
INSERT INTO exhibitions_translations (
  exhibition_id, language_code, exhibition_title, artists, venue_name, city
) VALUES (
  'dd42eaf6-7524-431a-9128-e7e513bfc104', 'ko', 
  '바자전: IN BETWEEN', ARRAY[]::TEXT[],
  '성곡미술관', '서울'
);
INSERT INTO exhibitions_translations (
  exhibition_id, language_code, exhibition_title, artists, venue_name, city
) VALUES (
  '3796f0bf-c999-45c1-a033-c5b4c8f315cd', 'ko', 
  '번승훈', ARRAY[]::TEXT[],
  '가나아트센터', '서울'
);
INSERT INTO exhibitions_translations (
  exhibition_id, language_code, exhibition_title, artists, venue_name, city
) VALUES (
  '9004bd36-523b-4bdd-a7a8-89f8407226a2', 'ko', 
  'The Garden of Forking Paths', ARRAY[]::TEXT[],
  '가나아트 한남', '서울'
);
INSERT INTO exhibitions_translations (
  exhibition_id, language_code, exhibition_title, artists, venue_name, city
) VALUES (
  'a19ef4ee-58e8-4a13-9264-95a15bf0c5cf', 'ko', 
  '유희적 상태', ARRAY[]::TEXT[],
  '스페이스 수퍼노말', '서울'
);
INSERT INTO exhibitions_translations (
  exhibition_id, language_code, exhibition_title, artists, venue_name, city
) VALUES (
  '4cefbb8f-5ec5-42f3-a408-ac289d0283c7', 'ko', 
  'Summer Collective Exhibition', ARRAY[]::TEXT[],
  '스페이스776', '서울'
);
INSERT INTO exhibitions_translations (
  exhibition_id, language_code, exhibition_title, artists, venue_name, city
) VALUES (
  'be1ba384-c92b-48b4-925b-9c53f52dc4dc', 'ko', 
  'Pit', ARRAY[]::TEXT[],
  '피트갤러리', '서울'
);
INSERT INTO exhibitions_translations (
  exhibition_id, language_code, exhibition_title, artists, venue_name, city
) VALUES (
  '7bda9eaa-274d-4425-b4e5-d6b1034ce1ce', 'ko', 
  '최영욱·채싱필', ARRAY[]::TEXT[],
  '넥스트뮤지엄갤러리', '서울'
);
INSERT INTO exhibitions_translations (
  exhibition_id, language_code, exhibition_title, artists, venue_name, city
) VALUES (
  'd641fdba-9fc4-4755-9490-e45062b8cfe1', 'ko', 
  '박기웅·켄토 센가', ARRAY[]::TEXT[],
  '화이트스톤갤러리', '서울'
);
INSERT INTO exhibitions_translations (
  exhibition_id, language_code, exhibition_title, artists, venue_name, city
) VALUES (
  'e3b8e8bd-1c60-469d-886b-e8b34b3e1a94', 'ko', 
  'Stone, Time, Touch', ARRAY[]::TEXT[],
  '매스갤러리 한남', '서울'
);
INSERT INTO exhibitions_translations (
  exhibition_id, language_code, exhibition_title, artists, venue_name, city
) VALUES (
  '773ef3dc-7e95-4307-ae7b-478e85da41ad', 'ko', 
  'Vivid Rest', ARRAY[]::TEXT[],
  '롯데갤러리 아트홀 잠실점', '서울'
);
INSERT INTO exhibitions_translations (
  exhibition_id, language_code, exhibition_title, artists, venue_name, city
) VALUES (
  '7a9f5071-6b43-4d29-bd81-4e85cee532b4', 'ko', 
  '8월 라이브 경매 프리뷰', ARRAY[]::TEXT[],
  '서울옥션', '서울'
);
INSERT INTO exhibitions_translations (
  exhibition_id, language_code, exhibition_title, artists, venue_name, city
) VALUES (
  '4da21b7a-5326-4506-bf81-3048b81f3ae6', 'ko', 
  '전현지·승지원', ARRAY[]::TEXT[],
  'PBG 한남', '서울'
);
INSERT INTO exhibitions_translations (
  exhibition_id, language_code, exhibition_title, artists, venue_name, city
) VALUES (
  '8fbbf502-cd4a-43a1-a279-61d4dc68301e', 'ko', 
  'Small but great', ARRAY['김마일'],
  'Small but great', '서울'
);
INSERT INTO exhibitions_translations (
  exhibition_id, language_code, exhibition_title, artists, venue_name, city
) VALUES (
  '0210ab5d-36be-413e-8a5c-e0430a34e18d', 'ko', 
  '김진희', ARRAY[]::TEXT[],
  '박서보재단 26SQM', '서울'
);
INSERT INTO exhibitions_translations (
  exhibition_id, language_code, exhibition_title, artists, venue_name, city
) VALUES (
  '43082acf-aa25-496e-afcc-79429a022026', 'ko', 
  '신자경·정준원', ARRAY[]::TEXT[],
  '갤러리 지우헌', '서울'
);
INSERT INTO exhibitions_translations (
  exhibition_id, language_code, exhibition_title, artists, venue_name, city
) VALUES (
  '4ed8bf66-2a95-45fc-93e9-94c1b5eca65b', 'ko', 
  '카를로스 블랑코 아르테로', ARRAY[]::TEXT[],
  'ELIGERE 갤러리', '서울'
);
INSERT INTO exhibitions_translations (
  exhibition_id, language_code, exhibition_title, artists, venue_name, city
) VALUES (
  '7be76fd2-36ea-4295-852f-113427abfa4f', 'ko', 
  '스펙트럴 크로싱스', ARRAY[]::TEXT[],
  'DDP', '서울'
);
INSERT INTO exhibitions_translations (
  exhibition_id, language_code, exhibition_title, artists, venue_name, city
) VALUES (
  '08557eb5-1231-45c2-b2e4-b1b86ded97a1', 'ko', 
  '파편의 흐름', ARRAY[]::TEXT[],
  '갤러리조선', '서울'
);
INSERT INTO exhibitions_translations (
  exhibition_id, language_code, exhibition_title, artists, venue_name, city
) VALUES (
  '7d85453c-e56f-4b80-aa17-9c511a9053ee', 'ko', 
  '김창열 회고전', ARRAY[]::TEXT[],
  '국립현대미술관 서울', '서울'
);
INSERT INTO exhibitions_translations (
  exhibition_id, language_code, exhibition_title, artists, venue_name, city
) VALUES (
  '042cf7d4-f82a-40ad-929c-6b1f050f330e', 'ko', 
  '파노라마', ARRAY[]::TEXT[],
  '송은', '서울'
);
INSERT INTO exhibitions_translations (
  exhibition_id, language_code, exhibition_title, artists, venue_name, city
) VALUES (
  'c0b44638-d047-4ce3-a840-96ec440320a4', 'ko', 
  '김환기와 브라질·심상의 풍경', ARRAY[]::TEXT[],
  '환기미술관', '서울'
);
INSERT INTO exhibitions_translations (
  exhibition_id, language_code, exhibition_title, artists, venue_name, city
) VALUES (
  'c8b94754-6fd0-4705-9519-261dde7ef73a', 'ko', 
  '더 퓨처 판타지', ARRAY['헤리티지'],
  'DDP', '서울'
);
INSERT INTO exhibitions_translations (
  exhibition_id, language_code, exhibition_title, artists, venue_name, city
) VALUES (
  '599c513b-2549-43be-99f2-2c002c97058f', 'ko', 
  '형상 회로', ARRAY[]::TEXT[],
  '일민미술관', '서울'
);
INSERT INTO exhibitions_translations (
  exhibition_id, language_code, exhibition_title, artists, venue_name, city
) VALUES (
  '1bc3bd6c-03a3-4f98-93d3-8a704afcc6cb', 'ko', 
  '카토 이즈미', ARRAY[]::TEXT[],
  '페로탕', '서울'
);
INSERT INTO exhibitions_translations (
  exhibition_id, language_code, exhibition_title, artists, venue_name, city
) VALUES (
  '09e6a03d-4919-437f-a4c8-994da59cc80a', 'ko', 
  '영혼의 기술>', ARRAY['제13회 서울미디어시티비엔날레 <강령'],
  '서울시립미술관 본관 외 3곳', '서울'
);
INSERT INTO exhibitions_translations (
  exhibition_id, language_code, exhibition_title, artists, venue_name, city
) VALUES (
  '029aeb9c-8399-4179-8e2a-0dde5b30a8b2', 'ko', 
  '2025 아르코데이', ARRAY[]::TEXT[],
  '아르코미술관', '서울'
);
INSERT INTO exhibitions_translations (
  exhibition_id, language_code, exhibition_title, artists, venue_name, city
) VALUES (
  'f9951d31-1dc0-4abf-b6f8-50ea4f473a61', 'ko', 
  '나래쉬 쿠마르', ARRAY[]::TEXT[],
  'PS CENTER', '서울'
);
INSERT INTO exhibitions_translations (
  exhibition_id, language_code, exhibition_title, artists, venue_name, city
) VALUES (
  '198c7808-0d6f-4ba0-a599-3ba50310120e', 'ko', 
  'March to March', ARRAY[]::TEXT[],
  'PS CENTER', '서울'
);
INSERT INTO exhibitions_translations (
  exhibition_id, language_code, exhibition_title, artists, venue_name, city
) VALUES (
  '631643b3-d133-4888-9d21-e3974d05f461', 'ko', 
  '집, 옷을 입다', ARRAY[]::TEXT[],
  '서울공예박물관', '서울'
);
INSERT INTO exhibitions_translations (
  exhibition_id, language_code, exhibition_title, artists, venue_name, city
) VALUES (
  'dfaf1ee5-6ce6-4032-abc7-d6337fb9d514', 'ko', 
  '물질-실천', ARRAY[]::TEXT[],
  '서울공예박물관', '서울'
);
INSERT INTO exhibitions_translations (
  exhibition_id, language_code, exhibition_title, artists, venue_name, city
) VALUES (
  '6b2aa948-229b-4944-905b-b3cb089715a8', 'ko', 
  '김민정', ARRAY[]::TEXT[],
  '갤러리현대', '서울'
);
INSERT INTO exhibitions_translations (
  exhibition_id, language_code, exhibition_title, artists, venue_name, city
) VALUES (
  '8e98ab5e-01a2-47ee-8e77-4959df6115a1', 'ko', 
  '쌩~휙!', ARRAY['성능경'],
  '백아트', '서울'
);
INSERT INTO exhibitions_translations (
  exhibition_id, language_code, exhibition_title, artists, venue_name, city
) VALUES (
  'a0e9bd16-9f97-4cdd-882c-9ea20eadca4c', 'ko', 
  '이강승·캔디스 린', ARRAY[]::TEXT[],
  '갤러리현대', '서울'
);
INSERT INTO exhibitions_translations (
  exhibition_id, language_code, exhibition_title, artists, venue_name, city
) VALUES (
  '4b262fe8-6461-459a-9034-b8c3dc6846ff', 'ko', 
  '테레시타 페르난데스', ARRAY[]::TEXT[],
  '리만머핀', '서울'
);
INSERT INTO exhibitions_translations (
  exhibition_id, language_code, exhibition_title, artists, venue_name, city
) VALUES (
  'e81f5a21-6807-40d6-aacb-bdc907fedab6', 'ko', 
  '물, 쌀, 풀', ARRAY[]::TEXT[],
  '뮤지엄멋', '서울'
);
INSERT INTO exhibitions_translations (
  exhibition_id, language_code, exhibition_title, artists, venue_name, city
) VALUES (
  '3e4c0952-c881-4bf4-83a5-c0a5ae525f64', 'ko', 
  '우한나', ARRAY[]::TEXT[],
  'G Gallery', '서울'
);
INSERT INTO exhibitions_translations (
  exhibition_id, language_code, exhibition_title, artists, venue_name, city
) VALUES (
  'ca2a2f62-af38-405e-bf98-3b00ecf45d29', 'ko', 
  '김연홍', ARRAY[]::TEXT[],
  '코소', '서울'
);
INSERT INTO exhibitions_translations (
  exhibition_id, language_code, exhibition_title, artists, venue_name, city
) VALUES (
  '6b852843-93b2-4131-a76a-b13891187d21', 'ko', 
  '김상소', ARRAY[]::TEXT[],
  '프로젝트 스페이스 사루비아', '서울'
);
INSERT INTO exhibitions_translations (
  exhibition_id, language_code, exhibition_title, artists, venue_name, city
) VALUES (
  '8562d416-423e-41b3-876e-480e9b8e718f', 'ko', 
  '한의도', ARRAY[]::TEXT[],
  '호리아트스페이스', '서울'
);
INSERT INTO exhibitions_translations (
  exhibition_id, language_code, exhibition_title, artists, venue_name, city
) VALUES (
  '68354081-fa0d-46c5-9f03-91c45df032e5', 'ko', 
  '윤형재', ARRAY[]::TEXT[],
  '갤러리제이원 서울', '서울'
);
INSERT INTO exhibitions_translations (
  exhibition_id, language_code, exhibition_title, artists, venue_name, city
) VALUES (
  '06c3d555-7475-4f66-a1bf-cda1ede8153f', 'ko', 
  'Poetic Forensic', ARRAY[]::TEXT[],
  '상업화랑', '서울'
);
INSERT INTO exhibitions_translations (
  exhibition_id, language_code, exhibition_title, artists, venue_name, city
) VALUES (
  '92940967-6fa1-4c4e-9a02-442d4a03fd22', 'ko', 
  '오세열', ARRAY[]::TEXT[],
  '갤러리조은', '서울'
);
INSERT INTO exhibitions_translations (
  exhibition_id, language_code, exhibition_title, artists, venue_name, city
) VALUES (
  '72da577c-aacb-472e-a532-5b1e155d9999', 'ko', 
  '남춘모', ARRAY[]::TEXT[],
  '리안갤러리 서울', '서울'
);
INSERT INTO exhibitions_translations (
  exhibition_id, language_code, exhibition_title, artists, venue_name, city
) VALUES (
  '15b75835-13c8-4cd3-a8b2-381ab485df4a', 'ko', 
  '정해윤', ARRAY[]::TEXT[],
  '갤러리 나우', '서울'
);
INSERT INTO exhibitions_translations (
  exhibition_id, language_code, exhibition_title, artists, venue_name, city
) VALUES (
  'd0a317e6-81b2-4a34-98c0-2f1a827a44d6', 'ko', 
  '박영민·유지영·이은우', ARRAY[]::TEXT[],
  '갤러리 키체', '서울'
);
INSERT INTO exhibitions_translations (
  exhibition_id, language_code, exhibition_title, artists, venue_name, city
) VALUES (
  'd3df5174-3207-4929-a7ca-1543eb0986c4', 'ko', 
  '유근택·정용국', ARRAY[]::TEXT[],
  '누크갤러리', '서울'
);
INSERT INTO exhibitions_translations (
  exhibition_id, language_code, exhibition_title, artists, venue_name, city
) VALUES (
  '11644bb4-e8f2-4b34-9589-07f9dda34ce0', 'ko', 
  '최철웅', ARRAY[]::TEXT[],
  '토탈미술관', '서울'
);
INSERT INTO exhibitions_translations (
  exhibition_id, language_code, exhibition_title, artists, venue_name, city
) VALUES (
  '5264db03-f0f9-49cc-889a-ff0ea0ebcb81', 'ko', 
  '조영남·조조 아나비', ARRAY[]::TEXT[],
  '스페이스776', '서울'
);
INSERT INTO exhibitions_translations (
  exhibition_id, language_code, exhibition_title, artists, venue_name, city
) VALUES (
  'f4952c52-a5b1-44a2-9484-f301caaa8df4', 'ko', 
  '패치워크!', ARRAY[]::TEXT[],
  '더 월로', '서울'
);
INSERT INTO exhibitions_translations (
  exhibition_id, language_code, exhibition_title, artists, venue_name, city
) VALUES (
  'a49ff5f9-a4ce-43b6-ab39-22fa4a18b3dd', 'ko', 
  '임현정', ARRAY[]::TEXT[],
  '아뜰리에 아키', '서울'
);
INSERT INTO exhibitions_translations (
  exhibition_id, language_code, exhibition_title, artists, venue_name, city
) VALUES (
  '1ab5bbf2-950d-45b2-8b11-83bfc82ceb4a', 'ko', 
  '지미 로버트', ARRAY[]::TEXT[],
  '바라캇 컨템포러리', '서울'
);
INSERT INTO exhibitions_translations (
  exhibition_id, language_code, exhibition_title, artists, venue_name, city
) VALUES (
  'e515d623-7df8-4597-aafd-acc088e82f56', 'ko', 
  '다시, 지구', ARRAY[]::TEXT[],
  '서울시립 미술아카이브', '서울'
);
INSERT INTO exhibitions_translations (
  exhibition_id, language_code, exhibition_title, artists, venue_name, city
) VALUES (
  '3bd93825-b3bb-4fee-a6c4-2da70c062c89', 'ko', 
  '이지수', ARRAY[]::TEXT[],
  '상히읗', '서울'
);
INSERT INTO exhibitions_translations (
  exhibition_id, language_code, exhibition_title, artists, venue_name, city
) VALUES (
  'e83e53ec-7afb-4850-bde4-8218970045fa', 'ko', 
  '노노탁 스튜디오', ARRAY[]::TEXT[],
  '세화미술관', '서울'
);
INSERT INTO exhibitions_translations (
  exhibition_id, language_code, exhibition_title, artists, venue_name, city
) VALUES (
  '9f936972-6ae0-4d37-99d2-28c4eacaa590', 'ko', 
  '쿠사마 야요이', ARRAY[]::TEXT[],
  '세화미술관', '서울'
);
INSERT INTO exhibitions_translations (
  exhibition_id, language_code, exhibition_title, artists, venue_name, city
) VALUES (
  '7b30f4b8-7b5c-4ff7-b63c-4c215968bec6', 'ko', 
  '헨릭 울달렌', ARRAY[]::TEXT[],
  '화이트스톤갤러리', '서울'
);
INSERT INTO exhibitions_translations (
  exhibition_id, language_code, exhibition_title, artists, venue_name, city
) VALUES (
  '422ac0ea-0cad-4a33-a20a-8d040f32ae60', 'ko', 
  '우고 론디노네', ARRAY[]::TEXT[],
  '글래드스톤갤러리', '서울'
);
INSERT INTO exhibitions_translations (
  exhibition_id, language_code, exhibition_title, artists, venue_name, city
) VALUES (
  '199aface-75dc-4e6c-a9d5-b5998fce2b43', 'ko', 
  '장, 식탁으로 이어진 풍경', ARRAY[]::TEXT[],
  '재단법인 아름지기', '서울'
);
INSERT INTO exhibitions_translations (
  exhibition_id, language_code, exhibition_title, artists, venue_name, city
) VALUES (
  '20351845-267e-4666-bfe1-5cc57151e401', 'ko', 
  '페트라 콜린스', ARRAY[]::TEXT[],
  '대림미술관', '서울'
);
INSERT INTO exhibitions_translations (
  exhibition_id, language_code, exhibition_title, artists, venue_name, city
) VALUES (
  '9e5d34a7-94d3-4867-a9bd-5f0dc1d3a55b', 'ko', 
  '올해의 작가상 2025', ARRAY[]::TEXT[],
  '국립현대미술관 서울', '서울'
);
INSERT INTO exhibitions_translations (
  exhibition_id, language_code, exhibition_title, artists, venue_name, city
) VALUES (
  '8692fcca-8cb1-45ad-b929-2193c057a8cb', 'ko', 
  '안상수', ARRAY[]::TEXT[],
  '옴스큐라1', '서울'
);
INSERT INTO exhibitions_translations (
  exhibition_id, language_code, exhibition_title, artists, venue_name, city
) VALUES (
  '5100ad39-d020-4796-966d-1f48e707943d', 'ko', 
  '굴절된 등', ARRAY[]::TEXT[],
  '스페이스 카다로그', '서울'
);
INSERT INTO exhibitions_translations (
  exhibition_id, language_code, exhibition_title, artists, venue_name, city
) VALUES (
  '41f6f03e-94d5-4807-b7a8-719e3be3741a', 'ko', 
  '오수환', ARRAY[]::TEXT[],
  '가나아트센터', '서울'
);
INSERT INTO exhibitions_translations (
  exhibition_id, language_code, exhibition_title, artists, venue_name, city
) VALUES (
  '45558392-c5bf-4dd9-aec4-a7c38eee4f51', 'ko', 
  '조주현', ARRAY[]::TEXT[],
  '페이토 갤러리', '서울'
);
INSERT INTO exhibitions_translations (
  exhibition_id, language_code, exhibition_title, artists, venue_name, city
) VALUES (
  '31111dd8-383c-4c8c-ac74-a1f8b1a07b7d', 'ko', 
  '백경호', ARRAY[]::TEXT[],
  '눈 컨템포러리', '서울'
);
INSERT INTO exhibitions_translations (
  exhibition_id, language_code, exhibition_title, artists, venue_name, city
) VALUES (
  '779a926e-efd8-4e81-97f6-338ebc3e2345', 'ko', 
  '김형대', ARRAY[]::TEXT[],
  '금산갤러리', '서울'
);
INSERT INTO exhibitions_translations (
  exhibition_id, language_code, exhibition_title, artists, venue_name, city
) VALUES (
  '9419865f-5400-4643-b634-73f53b8714ea', 'ko', 
  'Flesh & Love', ARRAY['Nude'],
  '제이슨함', '서울'
);
INSERT INTO exhibitions_translations (
  exhibition_id, language_code, exhibition_title, artists, venue_name, city
) VALUES (
  'aa9e095d-ca4c-416d-ba79-32e7a5869533', 'ko', 
  '김허앵', ARRAY[]::TEXT[],
  '스페이스 윌링앤딜링', '서울'
);
INSERT INTO exhibitions_translations (
  exhibition_id, language_code, exhibition_title, artists, venue_name, city
) VALUES (
  '73881e04-bd7e-4145-896b-dbf4ea4418ed', 'ko', 
  '연여인', ARRAY[]::TEXT[],
  '디아 컨템포러리', '서울'
);
INSERT INTO exhibitions_translations (
  exhibition_id, language_code, exhibition_title, artists, venue_name, city
) VALUES (
  'a11097e5-20d8-4fbb-9e79-1192773433c9', 'ko', 
  '자아들의 양상불', ARRAY[]::TEXT[],
  '라니서울', '서울'
);
INSERT INTO exhibitions_translations (
  exhibition_id, language_code, exhibition_title, artists, venue_name, city
) VALUES (
  'c385b203-517e-4d6e-bfed-0b6757620107', 'ko', 
  '정진아', ARRAY[]::TEXT[],
  '로이갤러리 압구정', '서울'
);
INSERT INTO exhibitions_translations (
  exhibition_id, language_code, exhibition_title, artists, venue_name, city
) VALUES (
  '4ea451ec-f2c6-48cf-8ee6-ff3b019ce2f9', 'ko', 
  '間 Interstice', ARRAY[]::TEXT[],
  '캡션 서울', '서울'
);
INSERT INTO exhibitions_translations (
  exhibition_id, language_code, exhibition_title, artists, venue_name, city
) VALUES (
  'c7b89b40-0348-4baa-9408-6287432729ee', 'ko', 
  '왕 시야오', ARRAY[]::TEXT[],
  '탕 컨템포러리 아트', '서울'
);
INSERT INTO exhibitions_translations (
  exhibition_id, language_code, exhibition_title, artists, venue_name, city
) VALUES (
  '3397116a-e67a-4e3f-816c-104e99bf1643', 'ko', 
  '카롤린 드네르보', ARRAY[]::TEXT[],
  '화이트스톤갤러리', '서울'
);
INSERT INTO exhibitions_translations (
  exhibition_id, language_code, exhibition_title, artists, venue_name, city
) VALUES (
  'c425de87-7c43-4497-81b3-4b733370cc2b', 'ko', 
  '거상거상 거상거 - 차연서', ARRAY[]::TEXT[],
  '미정', '서울'
);
INSERT INTO exhibitions_translations (
  exhibition_id, language_code, exhibition_title, artists, venue_name, city
) VALUES (
  'f58ab033-7e95-4c36-86f5-0a19341793ba', 'ko', 
  '한국을 비추다', ARRAY['창작의 빛'],
  'DDP 이간수문', '서울'
);
INSERT INTO exhibitions_translations (
  exhibition_id, language_code, exhibition_title, artists, venue_name, city
) VALUES (
  '701cbfd2-2527-4096-a962-a637194f7919', 'ko', 
  'others vs others', ARRAY[]::TEXT[],
  '아트조선스페이스', '서울'
);
INSERT INTO exhibitions_translations (
  exhibition_id, language_code, exhibition_title, artists, venue_name, city
) VALUES (
  'a663bde1-75ae-48bc-b0d4-11d3e4301379', 'ko', 
  '갈라 포라스-김', ARRAY[]::TEXT[],
  '국제갤러리', '서울'
);
INSERT INTO exhibitions_translations (
  exhibition_id, language_code, exhibition_title, artists, venue_name, city
) VALUES (
  '8aa4c59b-e692-4266-a191-3d3c62744dbe', 'ko', 
  '루이즈 부르주아', ARRAY[]::TEXT[],
  '국제갤러리', '서울'
);
INSERT INTO exhibitions_translations (
  exhibition_id, language_code, exhibition_title, artists, venue_name, city
) VALUES (
  'f956ecc0-835c-4029-8bf7-f4632e3bf364', 'ko', 
  '패트릭 휴즈', ARRAY[]::TEXT[],
  '박여숙화랑', '서울'
);
INSERT INTO exhibitions_translations (
  exhibition_id, language_code, exhibition_title, artists, venue_name, city
) VALUES (
  'bb16b2c0-fc0a-42c7-a5de-a43ff3875a47', 'ko', 
  '안토니 곰리', ARRAY[]::TEXT[],
  '타데우스 로팍 서울', '서울'
);
INSERT INTO exhibitions_translations (
  exhibition_id, language_code, exhibition_title, artists, venue_name, city
) VALUES (
  'fb041611-f4df-49d3-8268-543ccdadaed5', 'ko', 
  '앤 베로니카 얀센스', ARRAY[]::TEXT[],
  '에스더쉬퍼', '서울'
);
INSERT INTO exhibitions_translations (
  exhibition_id, language_code, exhibition_title, artists, venue_name, city
) VALUES (
  'f3f7254f-ced8-4c61-942c-9d0032ded75d', 'ko', 
  '무라카미 다카시', ARRAY[]::TEXT[],
  '아모레퍼시픽미술관', '서울'
);
INSERT INTO exhibitions_translations (
  exhibition_id, language_code, exhibition_title, artists, venue_name, city
) VALUES (
  '77153311-e86a-49c2-b70c-e6f1ba5d9564', 'ko', 
  '마리우스 슈타이거', ARRAY[]::TEXT[],
  '두아르트 스퀘이라', '서울'
);
INSERT INTO exhibitions_translations (
  exhibition_id, language_code, exhibition_title, artists, venue_name, city
) VALUES (
  'c9bf2926-7f41-4d49-92cc-5d33b759b802', 'ko', 
  '이미 크뇌벨', ARRAY[]::TEXT[],
  '두아르트 스퀘이라', '서울'
);
INSERT INTO exhibitions_translations (
  exhibition_id, language_code, exhibition_title, artists, venue_name, city
) VALUES (
  'f6e31c8f-4be7-4ca9-938e-d1a1ac197707', 'ko', 
  '아드리안 비야르 로하스', ARRAY[]::TEXT[],
  '아트선재센터', '서울'
);
INSERT INTO exhibitions_translations (
  exhibition_id, language_code, exhibition_title, artists, venue_name, city
) VALUES (
  'f519ed92-95dc-4cfb-b21e-e8485d5bd4be', 'ko', 
  'Frieze Seoul 2025', ARRAY[]::TEXT[],
  '코엑스', '서울'
);
INSERT INTO exhibitions_translations (
  exhibition_id, language_code, exhibition_title, artists, venue_name, city
) VALUES (
  '98a6283e-7caf-4c1e-83cf-e929cf15665d', 'ko', 
  'Kiaf 서울 2025', ARRAY[]::TEXT[],
  '코엑스', '서울'
);
INSERT INTO exhibitions_translations (
  exhibition_id, language_code, exhibition_title, artists, venue_name, city
) VALUES (
  '7e6594b5-5a79-465b-804b-fbedbc2307d0', 'ko', 
  '1998년 이후', ARRAY['이불'],
  '리움미술관', '서울'
);
INSERT INTO exhibitions_translations (
  exhibition_id, language_code, exhibition_title, artists, venue_name, city
) VALUES (
  'ac7fc0a6-dfe3-41ff-9cd0-72de495cc382', 'ko', 
  '현대카드 컬처프로젝트 29 톰 삭스', ARRAY[]::TEXT[],
  'DDP', '서울'
);
INSERT INTO exhibitions_translations (
  exhibition_id, language_code, exhibition_title, artists, venue_name, city
) VALUES (
  'b246344d-c352-4d38-92f7-f6a7e6ed3ea7', 'ko', 
  '영원히, 화가', ARRAY['미셸 들라크루아'],
  '현대백화점 무역센터점', '서울'
);
INSERT INTO exhibitions_translations (
  exhibition_id, language_code, exhibition_title, artists, venue_name, city
) VALUES (
  'eaedcbc0-5a59-4200-a5a5-d7b6cfeec4cb', 'ko', 
  'Works 1972-2020', ARRAY['안소니 맥콜'],
  '푸투라서울', '서울'
);
INSERT INTO exhibitions_translations (
  exhibition_id, language_code, exhibition_title, artists, venue_name, city
) VALUES (
  '74e7801e-409c-43c1-83ca-8d3b369b46b7', 'ko', 
  'Under One Roof', ARRAY['데이비드 살레'],
  '현대카드 스토리지', '서울'
);
INSERT INTO exhibitions_translations (
  exhibition_id, language_code, exhibition_title, artists, venue_name, city
) VALUES (
  '9086ed2a-b990-4fb7-8509-cadd44e5f861', 'ko', 
  '강동주', ARRAY[]::TEXT[],
  '아마도예술공간', '서울'
);
INSERT INTO exhibitions_translations (
  exhibition_id, language_code, exhibition_title, artists, venue_name, city
) VALUES (
  '2e5144f0-cea6-4a9b-a278-8145774ea59b', 'ko', 
  '문혜정', ARRAY[]::TEXT[],
  '스페이스 소포라', '서울'
);
INSERT INTO exhibitions_translations (
  exhibition_id, language_code, exhibition_title, artists, venue_name, city
) VALUES (
  '0efc4bf3-d77f-40ae-a381-fa5491d80085', 'ko', 
  '마나 모아나-신성한 바다의 예술, 오세아니아', ARRAY[]::TEXT[],
  '국립중앙박물관', '서울'
);
INSERT INTO exhibitions_translations (
  exhibition_id, language_code, exhibition_title, artists, venue_name, city
) VALUES (
  'dd1ff30f-4264-4d3f-93ff-feedc48f6b68', 'ko', 
  '박신영', ARRAY[]::TEXT[],
  '디스위켄드룸', '서울'
);
INSERT INTO exhibitions_translations (
  exhibition_id, language_code, exhibition_title, artists, venue_name, city
) VALUES (
  'aeaddec3-d24f-4db1-92b3-3869bcb4ad9f', 'ko', 
  '앨리스 달튼 브라운 회고전', ARRAY[]::TEXT[],
  '더현대 서울 ALT.1', '서울'
);
INSERT INTO exhibitions_translations (
  exhibition_id, language_code, exhibition_title, artists, venue_name, city
) VALUES (
  '3a9c7eb2-5722-4541-bf4f-dcc85adbf0f1', 'ko', 
  '최지목', ARRAY[]::TEXT[],
  '갤러리바톤', '서울'
);
INSERT INTO exhibitions_translations (
  exhibition_id, language_code, exhibition_title, artists, venue_name, city
) VALUES (
  '252d608d-d4b7-43e2-b8ad-fd06562b9310', 'ko', 
  '김주리', ARRAY[]::TEXT[],
  'MO BY CAN', '서울'
);
INSERT INTO exhibitions_translations (
  exhibition_id, language_code, exhibition_title, artists, venue_name, city
) VALUES (
  '1cac6a4f-ffc2-4c6e-8342-5684ef13570b', 'ko', 
  '박용식', ARRAY[]::TEXT[],
  '상업화랑 용산', '서울'
);
INSERT INTO exhibitions_translations (
  exhibition_id, language_code, exhibition_title, artists, venue_name, city
) VALUES (
  '72f32942-1fb0-44aa-8721-a7b0da597d50', 'ko', 
  '김주리', ARRAY[]::TEXT[],
  '캔파운데이션', '서울'
);
INSERT INTO exhibitions_translations (
  exhibition_id, language_code, exhibition_title, artists, venue_name, city
) VALUES (
  'd6337582-72de-4098-bc69-b6058a243168', 'ko', 
  '오랑주리-오르세 미술관 특별전', ARRAY[]::TEXT[],
  '예술의전당 한가람미술관', '서울'
);
INSERT INTO exhibitions_translations (
  exhibition_id, language_code, exhibition_title, artists, venue_name, city
) VALUES (
  '726493cf-74fc-447e-a740-069ed20e236b', 'ko', 
  '마르크 샤갈 특별전', ARRAY[]::TEXT[],
  '예술의전당 한가람미술관', '서울'
);
INSERT INTO exhibitions_translations (
  exhibition_id, language_code, exhibition_title, artists, venue_name, city
) VALUES (
  '035b8d22-6e7d-4f6d-b81e-f97c00654bc7', 'ko', 
  '노이진', ARRAY[]::TEXT[],
  '뉴스프링프로젝트', '서울'
);
INSERT INTO exhibitions_translations (
  exhibition_id, language_code, exhibition_title, artists, venue_name, city
) VALUES (
  '23d43375-350a-4fff-ab24-ba3b8b3cc784', 'ko', 
  '장 미셸 바스키아 기획전', ARRAY[]::TEXT[],
  'DDP 뮤지엄', '서울'
);
INSERT INTO exhibitions_translations (
  exhibition_id, language_code, exhibition_title, artists, venue_name, city
) VALUES (
  'e3dd8385-6d6a-42e9-a83a-594e30bd0af5', 'ko', 
  '앤서니 브라운', ARRAY[]::TEXT[],
  '예술의전당 한가람미술관', '서울'
);
INSERT INTO exhibitions_translations (
  exhibition_id, language_code, exhibition_title, artists, venue_name, city
) VALUES (
  '79255d78-61c2-438a-9363-b566f156e727', 'ko', 
  '보 킴', ARRAY[]::TEXT[],
  'BHAK', '서울'
);
INSERT INTO exhibitions_translations (
  exhibition_id, language_code, exhibition_title, artists, venue_name, city
) VALUES (
  '89ef0996-88b1-4903-b8f0-6f652a9ae145', 'ko', 
  '제임스 터렐', ARRAY[]::TEXT[],
  '페이스갤러리', '서울'
);
INSERT INTO exhibitions_translations (
  exhibition_id, language_code, exhibition_title, artists, venue_name, city
) VALUES (
  '0f12a1b7-afc5-43ed-8136-2940790b9222', 'ko', 
  'VELVET HAMMERS', ARRAY[]::TEXT[],
  '핌서울', '서울'
);
INSERT INTO exhibitions_translations (
  exhibition_id, language_code, exhibition_title, artists, venue_name, city
) VALUES (
  '4f6bbb33-3718-4963-868f-5830e5bf8bcb', 'ko', 
  '엘리자베스 랭그리터', ARRAY[]::TEXT[],
  'MUSEUM209', '서울'
);
INSERT INTO exhibitions_translations (
  exhibition_id, language_code, exhibition_title, artists, venue_name, city
) VALUES (
  'ca70cce0-23eb-4b4e-846a-5f43c7b4d3a1', 'ko', 
  '현남', ARRAY[]::TEXT[],
  '휘슬', '서울'
);
INSERT INTO exhibitions_translations (
  exhibition_id, language_code, exhibition_title, artists, venue_name, city
) VALUES (
  'c93273d0-3e97-4170-87ee-f56d0176bc16', 'ko', 
  '한정은·미란다 포레스터', ARRAY[]::TEXT[],
  '파운드리서울', '서울'
);
INSERT INTO exhibitions_translations (
  exhibition_id, language_code, exhibition_title, artists, venue_name, city
) VALUES (
  '7ef3a54d-c849-4231-880c-75b6cb6fffbd', 'ko', 
  '이안 하·스벤 토이퍼', ARRAY[]::TEXT[],
  '파이프갤러리', '서울'
);
INSERT INTO exhibitions_translations (
  exhibition_id, language_code, exhibition_title, artists, venue_name, city
) VALUES (
  '2e83ad89-76e2-4141-9b8b-04e0064c28f8', 'ko', 
  'Prototype', ARRAY['옥승철'],
  '롯데뮤지엄', '서울'
);
INSERT INTO exhibitions_translations (
  exhibition_id, language_code, exhibition_title, artists, venue_name, city
) VALUES (
  '74bdd820-4e0d-40e6-875b-0d9a22ceb95d', 'ko', 
  'Troubled at his saying - 세실 렘퍼트', ARRAY[]::TEXT[],
  'IAH', '서울'
);
INSERT INTO exhibitions_translations (
  exhibition_id, language_code, exhibition_title, artists, venue_name, city
) VALUES (
  'e81b3c33-4e4c-47b7-b740-8c5e5b048929', 'ko', 
  '2025 타이틀 매치 - 장영혜중공업 & 홍진환', ARRAY[]::TEXT[],
  '서울시립 북서울미술관', '서울'
);
INSERT INTO exhibitions_translations (
  exhibition_id, language_code, exhibition_title, artists, venue_name, city
) VALUES (
  'c96d22a4-d1e4-4a98-a3b5-59ee9fd1d33c', 'ko', 
  '얇은 도약의 나날들 - 양혜규', ARRAY[]::TEXT[],
  '도도빌딩 3층', '서울'
);
INSERT INTO exhibitions_translations (
  exhibition_id, language_code, exhibition_title, artists, venue_name, city
) VALUES (
  '5837048a-b1d1-4f01-a8c1-dac6437c696b', 'ko', 
  '언하우스', ARRAY[]::TEXT[],
  '프리즈 하우스 서울', '서울'
);
INSERT INTO exhibitions_translations (
  exhibition_id, language_code, exhibition_title, artists, venue_name, city
) VALUES (
  '48875cc5-21da-4724-a54a-9391808dec6e', 'ko', 
  '딥다이버 Deep Diver - 배윤환', ARRAY[]::TEXT[],
  '스페이스K 서울', '서울'
);
INSERT INTO exhibitions_translations (
  exhibition_id, language_code, exhibition_title, artists, venue_name, city
) VALUES (
  'ba1dfdf1-54f4-4320-acb0-bf10e85a3cff', 'ko', 
  '덩었고 영원한 - 루이즈 부르주아', ARRAY[]::TEXT[],
  '호암미술관', '서울'
);
INSERT INTO exhibitions_translations (
  exhibition_id, language_code, exhibition_title, artists, venue_name, city
) VALUES (
  '4870428a-8770-497b-98eb-5bfce000a654', 'ko', 
  'Messengers - 김서현', ARRAY[]::TEXT[],
  '실린더 ONE', '서울'
);
INSERT INTO exhibitions_translations (
  exhibition_id, language_code, exhibition_title, artists, venue_name, city
) VALUES (
  '85a023c1-d2bb-4050-a3ef-3e5ee8dca3d5', 'ko', 
  'Humanity in the Circuits - 백남준', ARRAY[]::TEXT[],
  '우양미술관', '서울'
);
INSERT INTO exhibitions_translations (
  exhibition_id, language_code, exhibition_title, artists, venue_name, city
) VALUES (
  'b9912c4b-b6b8-4964-a678-787794f36084', 'ko', 
  'I Have Been Here Before - 아모아코 보아포', ARRAY[]::TEXT[],
  '우양미술관', '서울'
);
INSERT INTO exhibitions_translations (
  exhibition_id, language_code, exhibition_title, artists, venue_name, city
) VALUES (
  '0d1947d2-edd7-4ef0-a847-aad2c118c519', 'ko', 
  '열두 개의 질문 - 안규철', ARRAY[]::TEXT[],
  '국제갤러리 부산', '부산'
);
INSERT INTO exhibitions_translations (
  exhibition_id, language_code, exhibition_title, artists, venue_name, city
) VALUES (
  '706b4e01-10f8-45a9-9795-378448c87480', 'ko', 
  '시대전술 - 김영찬, 유이란, 요한한, 신민, 남다현', ARRAY[]::TEXT[],
  'K&L 뮤지엄', '서울'
);
INSERT INTO exhibitions_translations (
  exhibition_id, language_code, exhibition_title, artists, venue_name, city
) VALUES (
  'e14eff0b-e434-4361-a9db-97bd3753ae7d', 'ko', 
  'Drawing on Space - 안토니 곰리', ARRAY[]::TEXT[],
  '뮤지엄 산', '서울'
);
INSERT INTO exhibitions_translations (
  exhibition_id, language_code, exhibition_title, artists, venue_name, city
) VALUES (
  'd70a4d0b-9ff1-4997-a6f3-a1b462c17523', 'ko', 
  'UNDO DMZ - 양혜규, 원성원, 홍영인 등', ARRAY[]::TEXT[],
  '파주 임진각 평화누리', '서울'
);
INSERT INTO exhibitions_translations (
  exhibition_id, language_code, exhibition_title, artists, venue_name, city
) VALUES (
  '0289c41c-ac4f-4271-9b1a-b07e5467f39b', 'ko', 
  '적절한 소환 - 힐마 아프 클린트', ARRAY[]::TEXT[],
  '부산현대미술관', '부산'
);
INSERT INTO exhibitions_translations (
  exhibition_id, language_code, exhibition_title, artists, venue_name, city
) VALUES (
  'cbdeb5d5-ac11-4d3a-81a7-9033052e7424', 'ko', 
  'A Chorus - Jennifer Carvalho', ARRAY[]::TEXT[],
  'CYLINDER TWO', '서울'
);
INSERT INTO exhibitions_translations (
  exhibition_id, language_code, exhibition_title, artists, venue_name, city
) VALUES (
  '169d5dff-4e04-4ff4-ac84-97f3caaa513f', 'ko', 
  'Dust - Ruofan Chen', ARRAY[]::TEXT[],
  'SHOWER', '서울'
);
INSERT INTO exhibitions_translations (
  exhibition_id, language_code, exhibition_title, artists, venue_name, city
) VALUES (
  'e145a15c-fd5f-4084-92aa-0bb5f682cfb6', 'ko', 
  '멜랑콜리아 - 김다움, 김의현, 이동혁, 장진승', ARRAY[]::TEXT[],
  'Primary Practice', '서울'
);
INSERT INTO exhibitions_translations (
  exhibition_id, language_code, exhibition_title, artists, venue_name, city
) VALUES (
  'be45207e-852d-481c-8f89-deafe7cfa41e', 'ko', 
  'Pit Calls Wall - 김새은', ARRAY[]::TEXT[],
  '뮤지엄헤드', '서울'
);
INSERT INTO exhibitions_translations (
  exhibition_id, language_code, exhibition_title, artists, venue_name, city
) VALUES (
  '0ee5d575-6ea6-4339-b8b5-9fa150fef9c4', 'ko', 
  '수신미확인 - 김봉영, 김지민, 박애나 등', ARRAY['다이얼로그'],
  '휘겸재', '서울'
);

-- venue_id 자동 연결
UPDATE exhibitions_master em
SET venue_id = v.id
FROM exhibitions_translations et, venues_simple v
WHERE em.id = et.exhibition_id
AND et.venue_name = v.name_ko
AND em.venue_id IS NULL;