-- 새로운 미술관 추가
INSERT INTO venues_simple (name_ko, city, venue_type) 
VALUES ('케이옥션', '서울', 'gallery')
ON CONFLICT (name_ko) DO NOTHING;
INSERT INTO venues_simple (name_ko, city, venue_type) 
VALUES ('상업화랑 을지로', '서울', 'gallery')
ON CONFLICT (name_ko) DO NOTHING;
INSERT INTO venues_simple (name_ko, city, venue_type) 
VALUES ('눈 컨템포러리', '서울', 'gallery')
ON CONFLICT (name_ko) DO NOTHING;
INSERT INTO venues_simple (name_ko, city, venue_type) 
VALUES ('링크서울', '서울', 'gallery')
ON CONFLICT (name_ko) DO NOTHING;
INSERT INTO venues_simple (name_ko, city, venue_type) 
VALUES ('스페이스 카다로그', '서울', 'gallery')
ON CONFLICT (name_ko) DO NOTHING;
INSERT INTO venues_simple (name_ko, city, venue_type) 
VALUES ('코소', '서울', 'gallery')
ON CONFLICT (name_ko) DO NOTHING;
INSERT INTO venues_simple (name_ko, city, venue_type) 
VALUES ('모두미술공간', '서울', 'gallery')
ON CONFLICT (name_ko) DO NOTHING;
INSERT INTO venues_simple (name_ko, city, venue_type) 
VALUES ('성곡미술관', '서울', 'museum')
ON CONFLICT (name_ko) DO NOTHING;
INSERT INTO venues_simple (name_ko, city, venue_type) 
VALUES ('가나아트센터', '서울', 'art_center')
ON CONFLICT (name_ko) DO NOTHING;
INSERT INTO venues_simple (name_ko, city, venue_type) 
VALUES ('가나아트 한남', '서울', 'gallery')
ON CONFLICT (name_ko) DO NOTHING;
INSERT INTO venues_simple (name_ko, city, venue_type) 
VALUES ('스페이스 수퍼노말', '서울', 'gallery')
ON CONFLICT (name_ko) DO NOTHING;
INSERT INTO venues_simple (name_ko, city, venue_type) 
VALUES ('스페이스776', '서울', 'gallery')
ON CONFLICT (name_ko) DO NOTHING;
INSERT INTO venues_simple (name_ko, city, venue_type) 
VALUES ('피트갤러리', '서울', 'gallery')
ON CONFLICT (name_ko) DO NOTHING;
INSERT INTO venues_simple (name_ko, city, venue_type) 
VALUES ('넥스트뮤지엄갤러리', '서울', 'gallery')
ON CONFLICT (name_ko) DO NOTHING;
INSERT INTO venues_simple (name_ko, city, venue_type) 
VALUES ('화이트스톤갤러리', '서울', 'gallery')
ON CONFLICT (name_ko) DO NOTHING;
INSERT INTO venues_simple (name_ko, city, venue_type) 
VALUES ('매스갤러리 한남', '서울', 'gallery')
ON CONFLICT (name_ko) DO NOTHING;
INSERT INTO venues_simple (name_ko, city, venue_type) 
VALUES ('롯데갤러리 아트홀 잠실점', '서울', 'gallery')
ON CONFLICT (name_ko) DO NOTHING;
INSERT INTO venues_simple (name_ko, city, venue_type) 
VALUES ('서울옥션', '서울', 'gallery')
ON CONFLICT (name_ko) DO NOTHING;
INSERT INTO venues_simple (name_ko, city, venue_type) 
VALUES ('PBG 한남', '서울', 'gallery')
ON CONFLICT (name_ko) DO NOTHING;
INSERT INTO venues_simple (name_ko, city, venue_type) 
VALUES ('Small but great', '서울', 'gallery')
ON CONFLICT (name_ko) DO NOTHING;
INSERT INTO venues_simple (name_ko, city, venue_type) 
VALUES ('박서보재단 26SQM', '서울', 'gallery')
ON CONFLICT (name_ko) DO NOTHING;
INSERT INTO venues_simple (name_ko, city, venue_type) 
VALUES ('갤러리 지우헌', '서울', 'gallery')
ON CONFLICT (name_ko) DO NOTHING;
INSERT INTO venues_simple (name_ko, city, venue_type) 
VALUES ('ELIGERE 갤러리', '서울', 'gallery')
ON CONFLICT (name_ko) DO NOTHING;
INSERT INTO venues_simple (name_ko, city, venue_type) 
VALUES ('갤러리조선', '서울', 'gallery')
ON CONFLICT (name_ko) DO NOTHING;
INSERT INTO venues_simple (name_ko, city, venue_type) 
VALUES ('국립현대미술관 서울', '서울', 'museum')
ON CONFLICT (name_ko) DO NOTHING;
INSERT INTO venues_simple (name_ko, city, venue_type) 
VALUES ('송은', '서울', 'gallery')
ON CONFLICT (name_ko) DO NOTHING;
INSERT INTO venues_simple (name_ko, city, venue_type) 
VALUES ('환기미술관', '서울', 'museum')
ON CONFLICT (name_ko) DO NOTHING;
INSERT INTO venues_simple (name_ko, city, venue_type) 
VALUES ('일민미술관', '서울', 'museum')
ON CONFLICT (name_ko) DO NOTHING;
INSERT INTO venues_simple (name_ko, city, venue_type) 
VALUES ('서울시립미술관 본관 외 3곳', '서울', 'museum')
ON CONFLICT (name_ko) DO NOTHING;
INSERT INTO venues_simple (name_ko, city, venue_type) 
VALUES ('아르코미술관', '서울', 'museum')
ON CONFLICT (name_ko) DO NOTHING;
INSERT INTO venues_simple (name_ko, city, venue_type) 
VALUES ('PS CENTER', '서울', 'gallery')
ON CONFLICT (name_ko) DO NOTHING;
INSERT INTO venues_simple (name_ko, city, venue_type) 
VALUES ('서울공예박물관', '서울', 'gallery')
ON CONFLICT (name_ko) DO NOTHING;
INSERT INTO venues_simple (name_ko, city, venue_type) 
VALUES ('백아트', '서울', 'gallery')
ON CONFLICT (name_ko) DO NOTHING;
INSERT INTO venues_simple (name_ko, city, venue_type) 
VALUES ('리만머핀', '서울', 'gallery')
ON CONFLICT (name_ko) DO NOTHING;
INSERT INTO venues_simple (name_ko, city, venue_type) 
VALUES ('뮤지엄멋', '서울', 'gallery')
ON CONFLICT (name_ko) DO NOTHING;
INSERT INTO venues_simple (name_ko, city, venue_type) 
VALUES ('G Gallery', '서울', 'gallery')
ON CONFLICT (name_ko) DO NOTHING;
INSERT INTO venues_simple (name_ko, city, venue_type) 
VALUES ('프로젝트 스페이스 사루비아', '서울', 'gallery')
ON CONFLICT (name_ko) DO NOTHING;
INSERT INTO venues_simple (name_ko, city, venue_type) 
VALUES ('호리아트스페이스', '서울', 'gallery')
ON CONFLICT (name_ko) DO NOTHING;
INSERT INTO venues_simple (name_ko, city, venue_type) 
VALUES ('갤러리제이원 서울', '서울', 'gallery')
ON CONFLICT (name_ko) DO NOTHING;
INSERT INTO venues_simple (name_ko, city, venue_type) 
VALUES ('상업화랑', '서울', 'gallery')
ON CONFLICT (name_ko) DO NOTHING;
INSERT INTO venues_simple (name_ko, city, venue_type) 
VALUES ('갤러리조은', '서울', 'gallery')
ON CONFLICT (name_ko) DO NOTHING;
INSERT INTO venues_simple (name_ko, city, venue_type) 
VALUES ('리안갤러리 서울', '서울', 'gallery')
ON CONFLICT (name_ko) DO NOTHING;
INSERT INTO venues_simple (name_ko, city, venue_type) 
VALUES ('갤러리 나우', '서울', 'gallery')
ON CONFLICT (name_ko) DO NOTHING;
INSERT INTO venues_simple (name_ko, city, venue_type) 
VALUES ('갤러리 키체', '서울', 'gallery')
ON CONFLICT (name_ko) DO NOTHING;
INSERT INTO venues_simple (name_ko, city, venue_type) 
VALUES ('누크갤러리', '서울', 'gallery')
ON CONFLICT (name_ko) DO NOTHING;
INSERT INTO venues_simple (name_ko, city, venue_type) 
VALUES ('토탈미술관', '서울', 'museum')
ON CONFLICT (name_ko) DO NOTHING;
INSERT INTO venues_simple (name_ko, city, venue_type) 
VALUES ('더 월로', '서울', 'gallery')
ON CONFLICT (name_ko) DO NOTHING;
INSERT INTO venues_simple (name_ko, city, venue_type) 
VALUES ('아뜰리에 아키', '서울', 'gallery')
ON CONFLICT (name_ko) DO NOTHING;
INSERT INTO venues_simple (name_ko, city, venue_type) 
VALUES ('바라캇 컨템포러리', '서울', 'gallery')
ON CONFLICT (name_ko) DO NOTHING;
INSERT INTO venues_simple (name_ko, city, venue_type) 
VALUES ('서울시립 미술아카이브', '서울', 'gallery')
ON CONFLICT (name_ko) DO NOTHING;
INSERT INTO venues_simple (name_ko, city, venue_type) 
VALUES ('상히읗', '서울', 'gallery')
ON CONFLICT (name_ko) DO NOTHING;
INSERT INTO venues_simple (name_ko, city, venue_type) 
VALUES ('세화미술관', '서울', 'museum')
ON CONFLICT (name_ko) DO NOTHING;
INSERT INTO venues_simple (name_ko, city, venue_type) 
VALUES ('글래드스톤갤러리', '서울', 'gallery')
ON CONFLICT (name_ko) DO NOTHING;
INSERT INTO venues_simple (name_ko, city, venue_type) 
VALUES ('재단법인 아름지기', '서울', 'gallery')
ON CONFLICT (name_ko) DO NOTHING;
INSERT INTO venues_simple (name_ko, city, venue_type) 
VALUES ('옴스큐라1', '서울', 'gallery')
ON CONFLICT (name_ko) DO NOTHING;
INSERT INTO venues_simple (name_ko, city, venue_type) 
VALUES ('페이토 갤러리', '서울', 'gallery')
ON CONFLICT (name_ko) DO NOTHING;
INSERT INTO venues_simple (name_ko, city, venue_type) 
VALUES ('금산갤러리', '서울', 'gallery')
ON CONFLICT (name_ko) DO NOTHING;
INSERT INTO venues_simple (name_ko, city, venue_type) 
VALUES ('제이슨함', '서울', 'gallery')
ON CONFLICT (name_ko) DO NOTHING;
INSERT INTO venues_simple (name_ko, city, venue_type) 
VALUES ('스페이스 윌링앤딜링', '서울', 'gallery')
ON CONFLICT (name_ko) DO NOTHING;
INSERT INTO venues_simple (name_ko, city, venue_type) 
VALUES ('디아 컨템포러리', '서울', 'gallery')
ON CONFLICT (name_ko) DO NOTHING;
INSERT INTO venues_simple (name_ko, city, venue_type) 
VALUES ('라니서울', '서울', 'gallery')
ON CONFLICT (name_ko) DO NOTHING;
INSERT INTO venues_simple (name_ko, city, venue_type) 
VALUES ('로이갤러리 압구정', '서울', 'gallery')
ON CONFLICT (name_ko) DO NOTHING;
INSERT INTO venues_simple (name_ko, city, venue_type) 
VALUES ('캡션 서울', '서울', 'gallery')
ON CONFLICT (name_ko) DO NOTHING;
INSERT INTO venues_simple (name_ko, city, venue_type) 
VALUES ('탕 컨템포러리 아트', '서울', 'gallery')
ON CONFLICT (name_ko) DO NOTHING;
INSERT INTO venues_simple (name_ko, city, venue_type) 
VALUES ('미정', '서울', 'gallery')
ON CONFLICT (name_ko) DO NOTHING;
INSERT INTO venues_simple (name_ko, city, venue_type) 
VALUES ('DDP 이간수문', '서울', 'gallery')
ON CONFLICT (name_ko) DO NOTHING;
INSERT INTO venues_simple (name_ko, city, venue_type) 
VALUES ('아트조선스페이스', '서울', 'gallery')
ON CONFLICT (name_ko) DO NOTHING;
INSERT INTO venues_simple (name_ko, city, venue_type) 
VALUES ('박여숙화랑', '서울', 'gallery')
ON CONFLICT (name_ko) DO NOTHING;
INSERT INTO venues_simple (name_ko, city, venue_type) 
VALUES ('타데우스 로팍 서울', '서울', 'gallery')
ON CONFLICT (name_ko) DO NOTHING;
INSERT INTO venues_simple (name_ko, city, venue_type) 
VALUES ('에스더쉬퍼', '서울', 'gallery')
ON CONFLICT (name_ko) DO NOTHING;
INSERT INTO venues_simple (name_ko, city, venue_type) 
VALUES ('두아르트 스퀘이라', '서울', 'gallery')
ON CONFLICT (name_ko) DO NOTHING;
INSERT INTO venues_simple (name_ko, city, venue_type) 
VALUES ('아트선재센터', '서울', 'art_center')
ON CONFLICT (name_ko) DO NOTHING;
INSERT INTO venues_simple (name_ko, city, venue_type) 
VALUES ('코엑스', '서울', 'gallery')
ON CONFLICT (name_ko) DO NOTHING;
INSERT INTO venues_simple (name_ko, city, venue_type) 
VALUES ('현대백화점 무역센터점', '서울', 'art_center')
ON CONFLICT (name_ko) DO NOTHING;
INSERT INTO venues_simple (name_ko, city, venue_type) 
VALUES ('푸투라서울', '서울', 'gallery')
ON CONFLICT (name_ko) DO NOTHING;
INSERT INTO venues_simple (name_ko, city, venue_type) 
VALUES ('현대카드 스토리지', '서울', 'gallery')
ON CONFLICT (name_ko) DO NOTHING;
INSERT INTO venues_simple (name_ko, city, venue_type) 
VALUES ('아마도예술공간', '서울', 'gallery')
ON CONFLICT (name_ko) DO NOTHING;
INSERT INTO venues_simple (name_ko, city, venue_type) 
VALUES ('스페이스 소포라', '서울', 'gallery')
ON CONFLICT (name_ko) DO NOTHING;
INSERT INTO venues_simple (name_ko, city, venue_type) 
VALUES ('국립중앙박물관', '서울', 'gallery')
ON CONFLICT (name_ko) DO NOTHING;
INSERT INTO venues_simple (name_ko, city, venue_type) 
VALUES ('디스위켄드룸', '서울', 'gallery')
ON CONFLICT (name_ko) DO NOTHING;
INSERT INTO venues_simple (name_ko, city, venue_type) 
VALUES ('더현대 서울 ALT.1', '서울', 'gallery')
ON CONFLICT (name_ko) DO NOTHING;
INSERT INTO venues_simple (name_ko, city, venue_type) 
VALUES ('갤러리바톤', '서울', 'gallery')
ON CONFLICT (name_ko) DO NOTHING;
INSERT INTO venues_simple (name_ko, city, venue_type) 
VALUES ('MO BY CAN', '서울', 'gallery')
ON CONFLICT (name_ko) DO NOTHING;
INSERT INTO venues_simple (name_ko, city, venue_type) 
VALUES ('상업화랑 용산', '서울', 'gallery')
ON CONFLICT (name_ko) DO NOTHING;
INSERT INTO venues_simple (name_ko, city, venue_type) 
VALUES ('캔파운데이션', '서울', 'gallery')
ON CONFLICT (name_ko) DO NOTHING;
INSERT INTO venues_simple (name_ko, city, venue_type) 
VALUES ('예술의전당 한가람미술관', '서울', 'museum')
ON CONFLICT (name_ko) DO NOTHING;
INSERT INTO venues_simple (name_ko, city, venue_type) 
VALUES ('뉴스프링프로젝트', '서울', 'gallery')
ON CONFLICT (name_ko) DO NOTHING;
INSERT INTO venues_simple (name_ko, city, venue_type) 
VALUES ('DDP 뮤지엄', '서울', 'gallery')
ON CONFLICT (name_ko) DO NOTHING;
INSERT INTO venues_simple (name_ko, city, venue_type) 
VALUES ('BHAK', '서울', 'gallery')
ON CONFLICT (name_ko) DO NOTHING;
INSERT INTO venues_simple (name_ko, city, venue_type) 
VALUES ('페이스갤러리', '서울', 'gallery')
ON CONFLICT (name_ko) DO NOTHING;
INSERT INTO venues_simple (name_ko, city, venue_type) 
VALUES ('핌서울', '서울', 'gallery')
ON CONFLICT (name_ko) DO NOTHING;
INSERT INTO venues_simple (name_ko, city, venue_type) 
VALUES ('MUSEUM209', '서울', 'gallery')
ON CONFLICT (name_ko) DO NOTHING;
INSERT INTO venues_simple (name_ko, city, venue_type) 
VALUES ('휘슬', '서울', 'gallery')
ON CONFLICT (name_ko) DO NOTHING;
INSERT INTO venues_simple (name_ko, city, venue_type) 
VALUES ('파운드리서울', '서울', 'gallery')
ON CONFLICT (name_ko) DO NOTHING;
INSERT INTO venues_simple (name_ko, city, venue_type) 
VALUES ('파이프갤러리', '서울', 'gallery')
ON CONFLICT (name_ko) DO NOTHING;
INSERT INTO venues_simple (name_ko, city, venue_type) 
VALUES ('롯데뮤지엄', '서울', 'gallery')
ON CONFLICT (name_ko) DO NOTHING;
INSERT INTO venues_simple (name_ko, city, venue_type) 
VALUES ('IAH', '서울', 'gallery')
ON CONFLICT (name_ko) DO NOTHING;
INSERT INTO venues_simple (name_ko, city, venue_type) 
VALUES ('서울시립 북서울미술관', '서울', 'museum')
ON CONFLICT (name_ko) DO NOTHING;
INSERT INTO venues_simple (name_ko, city, venue_type) 
VALUES ('도도빌딩 3층', '서울', 'gallery')
ON CONFLICT (name_ko) DO NOTHING;
INSERT INTO venues_simple (name_ko, city, venue_type) 
VALUES ('프리즈 하우스 서울', '서울', 'gallery')
ON CONFLICT (name_ko) DO NOTHING;
INSERT INTO venues_simple (name_ko, city, venue_type) 
VALUES ('스페이스K 서울', '서울', 'gallery')
ON CONFLICT (name_ko) DO NOTHING;
INSERT INTO venues_simple (name_ko, city, venue_type) 
VALUES ('실린더 ONE', '서울', 'gallery')
ON CONFLICT (name_ko) DO NOTHING;
INSERT INTO venues_simple (name_ko, city, venue_type) 
VALUES ('우양미술관', '서울', 'museum')
ON CONFLICT (name_ko) DO NOTHING;
INSERT INTO venues_simple (name_ko, city, venue_type) 
VALUES ('국제갤러리 부산', '부산', 'gallery')
ON CONFLICT (name_ko) DO NOTHING;
INSERT INTO venues_simple (name_ko, city, venue_type) 
VALUES ('K&L 뮤지엄', '서울', 'gallery')
ON CONFLICT (name_ko) DO NOTHING;
INSERT INTO venues_simple (name_ko, city, venue_type) 
VALUES ('뮤지엄 산', '서울', 'gallery')
ON CONFLICT (name_ko) DO NOTHING;
INSERT INTO venues_simple (name_ko, city, venue_type) 
VALUES ('파주 임진각 평화누리', '서울', 'gallery')
ON CONFLICT (name_ko) DO NOTHING;
INSERT INTO venues_simple (name_ko, city, venue_type) 
VALUES ('CYLINDER TWO', '서울', 'gallery')
ON CONFLICT (name_ko) DO NOTHING;
INSERT INTO venues_simple (name_ko, city, venue_type) 
VALUES ('SHOWER', '서울', 'gallery')
ON CONFLICT (name_ko) DO NOTHING;
INSERT INTO venues_simple (name_ko, city, venue_type) 
VALUES ('Primary Practice', '서울', 'gallery')
ON CONFLICT (name_ko) DO NOTHING;
INSERT INTO venues_simple (name_ko, city, venue_type) 
VALUES ('뮤지엄헤드', '서울', 'gallery')
ON CONFLICT (name_ko) DO NOTHING;
INSERT INTO venues_simple (name_ko, city, venue_type) 
VALUES ('휘겸재', '서울', 'gallery')
ON CONFLICT (name_ko) DO NOTHING;

-- 전시 마스터 데이터
INSERT INTO exhibitions_master (
  id, start_date, end_date, status, exhibition_type, genre, is_featured
) VALUES (
  'b4ac2bde-767a-48aa-97c4-b7057ef93e55', '2025-08-01', '2025-08-20', 
  'ended', 'group', 'contemporary', false
);
INSERT INTO exhibitions_master (
  id, start_date, end_date, status, exhibition_type, genre, is_featured
) VALUES (
  '844ca0fd-6084-43ba-ab34-2f4ab61a8e21', '2025-08-01', '2025-08-20', 
  'ended', 'group', 'contemporary', false
);
INSERT INTO exhibitions_master (
  id, start_date, end_date, status, exhibition_type, genre, is_featured
) VALUES (
  'a41f9787-e0af-4903-b488-9727ae7464e5', '2025-08-01', '2025-08-20', 
  'ended', 'group', 'contemporary', false
);
INSERT INTO exhibitions_master (
  id, start_date, end_date, status, exhibition_type, genre, is_featured
) VALUES (
  '98682518-182c-437a-871b-08ba855aa6f6', '2025-08-01', '2025-08-21', 
  'ended', 'solo', 'contemporary', false
);
INSERT INTO exhibitions_master (
  id, start_date, end_date, status, exhibition_type, genre, is_featured
) VALUES (
  '87124c0d-b9f8-4eeb-814b-2bfafb7f1004', '2025-08-01', '2025-08-21', 
  'ended', 'group', 'contemporary', false
);
INSERT INTO exhibitions_master (
  id, start_date, end_date, status, exhibition_type, genre, is_featured
) VALUES (
  'bf0b53a4-1457-45c7-9df6-696b34eb6fb3', '2025-08-01', '2025-08-22', 
  'ended', 'group', 'contemporary', false
);
INSERT INTO exhibitions_master (
  id, start_date, end_date, status, exhibition_type, genre, is_featured
) VALUES (
  'a592511d-672e-4fa2-9713-d34e60fe5d19', '2025-08-01', '2025-08-22', 
  'ended', 'group', 'contemporary', false
);
INSERT INTO exhibitions_master (
  id, start_date, end_date, status, exhibition_type, genre, is_featured
) VALUES (
  '59eb709c-09d3-43cc-85ee-7725a6f2f774', '2025-08-01', '2025-08-23', 
  'ended', 'group', 'contemporary', false
);
INSERT INTO exhibitions_master (
  id, start_date, end_date, status, exhibition_type, genre, is_featured
) VALUES (
  'eae62886-cf0f-489f-81ed-04e254e19e3d', '2025-08-01', '2025-08-24', 
  'ended', 'group', 'contemporary', false
);
INSERT INTO exhibitions_master (
  id, start_date, end_date, status, exhibition_type, genre, is_featured
) VALUES (
  '85e02234-2857-4980-9103-f25866ab3b0b', '2025-08-01', '2025-08-24', 
  'ended', 'group', 'contemporary', false
);
INSERT INTO exhibitions_master (
  id, start_date, end_date, status, exhibition_type, genre, is_featured
) VALUES (
  'e50dcbbb-6823-42d0-8195-fe453e4b4b10', '2025-08-01', '2025-08-24', 
  'ended', 'group', 'contemporary', false
);
INSERT INTO exhibitions_master (
  id, start_date, end_date, status, exhibition_type, genre, is_featured
) VALUES (
  'd75fb884-b225-42ca-9ecb-347a97af940f', '2025-08-01', '2025-08-24', 
  'ended', 'group', 'contemporary', false
);
INSERT INTO exhibitions_master (
  id, start_date, end_date, status, exhibition_type, genre, is_featured
) VALUES (
  '19183f1b-cf52-4c5a-8f29-f3ceb5595031', '2025-08-01', '2025-08-24', 
  'ended', 'group', 'contemporary', false
);
INSERT INTO exhibitions_master (
  id, start_date, end_date, status, exhibition_type, genre, is_featured
) VALUES (
  '5dee32f6-86d5-4d63-9133-8a9a9adc7e98', '2025-08-01', '2025-08-24', 
  'ended', 'group', 'contemporary', false
);
INSERT INTO exhibitions_master (
  id, start_date, end_date, status, exhibition_type, genre, is_featured
) VALUES (
  'a0532fd7-b65b-48b0-845c-b4ab017d0fe9', '2025-08-01', '2025-08-24', 
  'ended', 'group', 'contemporary', false
);
INSERT INTO exhibitions_master (
  id, start_date, end_date, status, exhibition_type, genre, is_featured
) VALUES (
  '63cd462c-9046-4794-a476-e2899c6fe7a8', '2025-08-01', '2025-08-24', 
  'ended', 'group', 'contemporary', false
);
INSERT INTO exhibitions_master (
  id, start_date, end_date, status, exhibition_type, genre, is_featured
) VALUES (
  'd037815b-4230-45d8-8da0-b59945342e27', '2025-08-01', '2025-08-24', 
  'ended', 'group', 'contemporary', false
);
INSERT INTO exhibitions_master (
  id, start_date, end_date, status, exhibition_type, genre, is_featured
) VALUES (
  'a4dc0161-10ab-4db2-8839-f40e8524fdaf', '2025-08-20', '2025-08-26', 
  'ended', 'group', 'contemporary', false
);
INSERT INTO exhibitions_master (
  id, start_date, end_date, status, exhibition_type, genre, is_featured
) VALUES (
  'efc81755-00fc-452b-9c6a-6ede0348bd18', '2025-08-01', '2025-08-27', 
  'ended', 'group', 'contemporary', false
);
INSERT INTO exhibitions_master (
  id, start_date, end_date, status, exhibition_type, genre, is_featured
) VALUES (
  '5ac404b8-4f02-4824-9f66-2d563f588283', '2025-08-01', '2025-08-27', 
  'ended', 'solo', 'contemporary', false
);
INSERT INTO exhibitions_master (
  id, start_date, end_date, status, exhibition_type, genre, is_featured
) VALUES (
  'e3b43ce2-700d-483c-be32-29dd3e5bd5ea', '2025-08-01', '2025-08-28', 
  'ended', 'group', 'contemporary', false
);
INSERT INTO exhibitions_master (
  id, start_date, end_date, status, exhibition_type, genre, is_featured
) VALUES (
  '284f9c11-7566-4946-a9ad-53f1ae417f6b', '2025-08-01', '2025-08-29', 
  'ended', 'group', 'contemporary', false
);
INSERT INTO exhibitions_master (
  id, start_date, end_date, status, exhibition_type, genre, is_featured
) VALUES (
  '3237bda2-05cf-4e4b-a289-22069ab08b42', '2025-08-01', '2025-08-29', 
  'ended', 'group', 'contemporary', false
);
INSERT INTO exhibitions_master (
  id, start_date, end_date, status, exhibition_type, genre, is_featured
) VALUES (
  '2a5a0ae8-c3cc-48fb-beb4-0bcdc93e7b97', '2025-08-14', '2025-11-16', 
  'ongoing', 'group', 'contemporary', true
);
INSERT INTO exhibitions_master (
  id, start_date, end_date, status, exhibition_type, genre, is_featured
) VALUES (
  'eba9ad43-7b74-45d3-bcad-b44eca2d2321', '2025-08-16', '2025-10-26', 
  'ongoing', 'group', 'contemporary', false
);
INSERT INTO exhibitions_master (
  id, start_date, end_date, status, exhibition_type, genre, is_featured
) VALUES (
  'a078a396-935a-4456-b2d0-4d1695795da0', '2025-08-22', '2025-12-21', 
  'ongoing', 'group', 'contemporary', false
);
INSERT INTO exhibitions_master (
  id, start_date, end_date, status, exhibition_type, genre, is_featured
) VALUES (
  'a72cddea-20ca-498f-8e15-40857c45dfbe', '2025-08-22', '2025-10-16', 
  'ongoing', 'group', 'contemporary', false
);
INSERT INTO exhibitions_master (
  id, start_date, end_date, status, exhibition_type, genre, is_featured
) VALUES (
  'f301cd69-1051-446f-ad85-273da6c1cfc9', '2025-08-22', '2025-11-30', 
  'ongoing', 'group', 'contemporary', false
);
INSERT INTO exhibitions_master (
  id, start_date, end_date, status, exhibition_type, genre, is_featured
) VALUES (
  '8cb3c6e7-b5c5-4e1d-98cc-6f57c82b238d', '2025-08-23', '2025-09-17', 
  'ongoing', 'solo', 'contemporary', true
);
INSERT INTO exhibitions_master (
  id, start_date, end_date, status, exhibition_type, genre, is_featured
) VALUES (
  '5aaa761b-7814-45fb-adee-77b3dff17c41', '2025-08-22', '2025-10-26', 
  'ongoing', 'group', 'contemporary', false
);
INSERT INTO exhibitions_master (
  id, start_date, end_date, status, exhibition_type, genre, is_featured
) VALUES (
  'e812eb03-4acb-4b60-8dcb-938db91a8aff', '2025-08-26', '2025-10-19', 
  'ongoing', 'group', 'contemporary', true
);
INSERT INTO exhibitions_master (
  id, start_date, end_date, status, exhibition_type, genre, is_featured
) VALUES (
  'df47f3cb-dc70-46ea-8f42-366dd1b034f7', '2025-08-26', '2025-11-23', 
  'ongoing', 'solo', 'contemporary', false
);
INSERT INTO exhibitions_master (
  id, start_date, end_date, status, exhibition_type, genre, is_featured
) VALUES (
  'f64bf835-64a8-4627-aa9d-0821e392982c', '2025-08-26', '2025-11-16', 
  'ongoing', 'group', 'contemporary', false
);
INSERT INTO exhibitions_master (
  id, start_date, end_date, status, exhibition_type, genre, is_featured
) VALUES (
  '3e33e3a0-07ca-4b17-9564-0a415715b7d2', '2025-08-26', '2025-09-26', 
  'ongoing', 'group', 'contemporary', false
);
INSERT INTO exhibitions_master (
  id, start_date, end_date, status, exhibition_type, genre, is_featured
) VALUES (
  '36af402e-506b-4d87-a5b7-20bdd0b91460', '2025-08-26', '2025-09-13', 
  'ongoing', 'group', 'contemporary', false
);
INSERT INTO exhibitions_master (
  id, start_date, end_date, status, exhibition_type, genre, is_featured
) VALUES (
  'a7f72a55-2ba9-44fc-8b49-417266b10f63', '2025-08-26', '2025-10-19', 
  'ongoing', 'group', 'contemporary', false
);
INSERT INTO exhibitions_master (
  id, start_date, end_date, status, exhibition_type, genre, is_featured
) VALUES (
  '9adeea32-6ad4-4226-814a-811476e289d4', '2025-08-26', '2025-11-17', 
  'ongoing', 'group', 'contemporary', false
);
INSERT INTO exhibitions_master (
  id, start_date, end_date, status, exhibition_type, genre, is_featured
) VALUES (
  '176af722-6803-48a1-9652-8ac7a34b0315', '2025-08-27', '2025-10-19', 
  'ongoing', 'group', 'contemporary', true
);
INSERT INTO exhibitions_master (
  id, start_date, end_date, status, exhibition_type, genre, is_featured
) VALUES (
  '8b97810c-ca96-44e8-91ce-bc17cec95599', '2025-08-27', '2025-10-18', 
  'ongoing', 'solo', 'contemporary', false
);
INSERT INTO exhibitions_master (
  id, start_date, end_date, status, exhibition_type, genre, is_featured
) VALUES (
  '474470fb-dfa5-4614-a7c0-e6dcfa4be006', '2025-08-27', '2025-10-05', 
  'ongoing', 'group', 'contemporary', true
);
INSERT INTO exhibitions_master (
  id, start_date, end_date, status, exhibition_type, genre, is_featured
) VALUES (
  '0311ed62-79d8-44dd-872b-596c01b762b3', '2025-08-27', '2025-10-25', 
  'ongoing', 'group', 'contemporary', false
);
INSERT INTO exhibitions_master (
  id, start_date, end_date, status, exhibition_type, genre, is_featured
) VALUES (
  'f2238842-2203-4f5a-bd64-80653c833c7d', '2025-08-27', '2025-09-28', 
  'ongoing', 'group', 'contemporary', false
);
INSERT INTO exhibitions_master (
  id, start_date, end_date, status, exhibition_type, genre, is_featured
) VALUES (
  'be9337eb-7ab5-439e-b984-1b9662fa52d0', '2025-08-27', '2025-09-27', 
  'ongoing', 'group', 'contemporary', false
);
INSERT INTO exhibitions_master (
  id, start_date, end_date, status, exhibition_type, genre, is_featured
) VALUES (
  '1ae6fe2d-856a-48cb-811d-3ba2c7cec05a', '2025-08-27', '2025-09-30', 
  'ongoing', 'group', 'contemporary', false
);
INSERT INTO exhibitions_master (
  id, start_date, end_date, status, exhibition_type, genre, is_featured
) VALUES (
  'cbeac977-0430-4d3d-8d4c-3a508cfd2c0f', '2025-08-27', '2025-09-27', 
  'ongoing', 'group', 'contemporary', false
);
INSERT INTO exhibitions_master (
  id, start_date, end_date, status, exhibition_type, genre, is_featured
) VALUES (
  'bf05fbeb-9bea-4bcc-9cf4-328d8f490e77', '2025-08-27', '2025-10-27', 
  'ongoing', 'group', 'contemporary', false
);
INSERT INTO exhibitions_master (
  id, start_date, end_date, status, exhibition_type, genre, is_featured
) VALUES (
  '4e68e19d-a6e2-482c-81cd-04af47a1fb5c', '2025-08-27', '2025-09-27', 
  'ongoing', 'group', 'contemporary', false
);
INSERT INTO exhibitions_master (
  id, start_date, end_date, status, exhibition_type, genre, is_featured
) VALUES (
  '498d83dc-ae41-42df-883d-f35d4055469c', '2025-08-27', '2025-09-27', 
  'ongoing', 'group', 'contemporary', false
);
INSERT INTO exhibitions_master (
  id, start_date, end_date, status, exhibition_type, genre, is_featured
) VALUES (
  '404c53fa-1369-47e9-b0e7-9721f278d86e', '2025-08-28', '2025-09-20', 
  'ongoing', 'group', 'contemporary', false
);
INSERT INTO exhibitions_master (
  id, start_date, end_date, status, exhibition_type, genre, is_featured
) VALUES (
  '5d4c3531-eac1-4feb-8fe9-e8abb4e568a4', '2025-08-28', '2025-10-28', 
  'ongoing', 'group', 'contemporary', false
);
INSERT INTO exhibitions_master (
  id, start_date, end_date, status, exhibition_type, genre, is_featured
) VALUES (
  '0ca2cce0-0b4e-4053-9089-5198ee8b750a', '2025-08-28', '2025-09-28', 
  'ongoing', 'group', 'contemporary', false
);
INSERT INTO exhibitions_master (
  id, start_date, end_date, status, exhibition_type, genre, is_featured
) VALUES (
  '167c8cd5-8bc1-406a-b05c-35f7faa0441c', '2025-08-28', '2025-09-28', 
  'ongoing', 'group', 'contemporary', false
);
INSERT INTO exhibitions_master (
  id, start_date, end_date, status, exhibition_type, genre, is_featured
) VALUES (
  'e6d29334-1c05-4acb-85ea-1a9c0b206359', '2025-08-28', '2025-09-28', 
  'ongoing', 'group', 'contemporary', false
);
INSERT INTO exhibitions_master (
  id, start_date, end_date, status, exhibition_type, genre, is_featured
) VALUES (
  '71f74f75-f512-49f8-9883-c3bd1c61f4c6', '2025-08-28', '2025-10-28', 
  'ongoing', 'group', 'contemporary', false
);
INSERT INTO exhibitions_master (
  id, start_date, end_date, status, exhibition_type, genre, is_featured
) VALUES (
  '9b45d135-240a-4b8b-a5c5-fdfd4fb49722', '2025-08-28', '2025-09-28', 
  'ongoing', 'group', 'contemporary', false
);
INSERT INTO exhibitions_master (
  id, start_date, end_date, status, exhibition_type, genre, is_featured
) VALUES (
  '7727fd3f-a55d-4f90-82ff-31c4ba055866', '2025-08-28', '2025-09-28', 
  'ongoing', 'group', 'contemporary', false
);
INSERT INTO exhibitions_master (
  id, start_date, end_date, status, exhibition_type, genre, is_featured
) VALUES (
  'd3ec7b46-0e9a-4706-81d0-67c22493dcb2', '2025-08-28', '2025-09-28', 
  'ongoing', 'group', 'contemporary', false
);
INSERT INTO exhibitions_master (
  id, start_date, end_date, status, exhibition_type, genre, is_featured
) VALUES (
  '3db2ae73-8adc-4c11-aab6-d1fb52238654', '2025-08-28', '2025-10-28', 
  'ongoing', 'group', 'contemporary', false
);
INSERT INTO exhibitions_master (
  id, start_date, end_date, status, exhibition_type, genre, is_featured
) VALUES (
  '70e084df-a94d-49ef-b70e-d23ac60a3c54', '2025-08-28', '2025-11-28', 
  'ongoing', 'group', 'contemporary', false
);
INSERT INTO exhibitions_master (
  id, start_date, end_date, status, exhibition_type, genre, is_featured
) VALUES (
  '933948c3-efb4-448a-bfac-b8ece331a9e7', '2025-08-28', '2025-09-28', 
  'ongoing', 'group', 'contemporary', false
);
INSERT INTO exhibitions_master (
  id, start_date, end_date, status, exhibition_type, genre, is_featured
) VALUES (
  'afc692b5-17d4-4da8-9d42-f50e226396e2', '2025-08-30', '2025-12-31', 
  'ongoing', 'group', 'contemporary', false
);
INSERT INTO exhibitions_master (
  id, start_date, end_date, status, exhibition_type, genre, is_featured
) VALUES (
  '91e0ea3d-d21b-4cfa-a29f-071f85bf2548', '2025-08-30', '2025-11-30', 
  'ongoing', 'group', 'contemporary', false
);
INSERT INTO exhibitions_master (
  id, start_date, end_date, status, exhibition_type, genre, is_featured
) VALUES (
  '49824cbb-5587-4a36-88bc-218e3f08d5e8', '2025-08-30', '2025-10-19', 
  'ongoing', 'group', 'contemporary', false
);
INSERT INTO exhibitions_master (
  id, start_date, end_date, status, exhibition_type, genre, is_featured
) VALUES (
  'c2702582-6ab6-47b3-8776-ae85f2a04364', '2025-08-29', '2025-10-30', 
  'ongoing', 'group', 'contemporary', false
);
INSERT INTO exhibitions_master (
  id, start_date, end_date, status, exhibition_type, genre, is_featured
) VALUES (
  'bba48a6f-37fd-4897-928a-a2e889a21dcb', '2025-08-29', '2025-10-29', 
  'ongoing', 'group', 'contemporary', false
);
INSERT INTO exhibitions_master (
  id, start_date, end_date, status, exhibition_type, genre, is_featured
) VALUES (
  '403cbae9-996b-4933-9081-5863c47ed885', '2025-08-29', '2025-11-30', 
  'ongoing', 'group', 'contemporary', true
);
INSERT INTO exhibitions_master (
  id, start_date, end_date, status, exhibition_type, genre, is_featured
) VALUES (
  '8c464aaf-d6a2-495a-a149-e1e225c0c60c', '2026-08-29', '2026-02-01', 
  'upcoming', 'group', 'contemporary', false
);
INSERT INTO exhibitions_master (
  id, start_date, end_date, status, exhibition_type, genre, is_featured
) VALUES (
  '934d60cb-95ef-4d94-a47a-1ac77a723b90', '2025-08-29', '2025-10-29', 
  'ongoing', 'group', 'contemporary', false
);
INSERT INTO exhibitions_master (
  id, start_date, end_date, status, exhibition_type, genre, is_featured
) VALUES (
  'fac822c2-8223-465c-a5cd-f7a96802f178', '2025-08-29', '2025-09-18', 
  'ongoing', 'group', 'contemporary', false
);
INSERT INTO exhibitions_master (
  id, start_date, end_date, status, exhibition_type, genre, is_featured
) VALUES (
  'a4b23d9c-8bdd-4816-8c28-b6f9ccdc2a42', '2025-08-29', '2025-10-29', 
  'ongoing', 'group', 'contemporary', false
);
INSERT INTO exhibitions_master (
  id, start_date, end_date, status, exhibition_type, genre, is_featured
) VALUES (
  '88fbe6d3-c76d-4d62-aaa1-6eee31a6ba26', '2025-08-29', '2025-09-27', 
  'ongoing', 'group', 'contemporary', false
);
INSERT INTO exhibitions_master (
  id, start_date, end_date, status, exhibition_type, genre, is_featured
) VALUES (
  '0697a684-2a4d-4a51-ad13-0a6482d92c1a', '2025-08-29', '2025-09-29', 
  'ongoing', 'group', 'contemporary', false
);
INSERT INTO exhibitions_master (
  id, start_date, end_date, status, exhibition_type, genre, is_featured
) VALUES (
  '818b6df4-1afb-4fb0-8008-73a4e568c8eb', '2025-08-29', '2025-09-30', 
  'ongoing', 'group', 'contemporary', false
);
INSERT INTO exhibitions_master (
  id, start_date, end_date, status, exhibition_type, genre, is_featured
) VALUES (
  '7c384c67-7e05-4c4b-9de9-8bc32f3a20bd', '2025-08-30', '2025-10-30', 
  'ongoing', 'solo', 'contemporary', false
);
INSERT INTO exhibitions_master (
  id, start_date, end_date, status, exhibition_type, genre, is_featured
) VALUES (
  '6d76c76f-ffc8-41d4-b21a-10bb21f37114', '2025-08-30', '2025-09-30', 
  'ongoing', 'group', 'contemporary', false
);
INSERT INTO exhibitions_master (
  id, start_date, end_date, status, exhibition_type, genre, is_featured
) VALUES (
  '77a9c01d-29d6-4102-97dc-ba65e12f96d5', '2025-08-30', '2025-09-27', 
  'ongoing', 'group', 'contemporary', false
);
INSERT INTO exhibitions_master (
  id, start_date, end_date, status, exhibition_type, genre, is_featured
) VALUES (
  'dab48290-f96a-4cf8-9b21-2413cb324ee5', '2025-08-30', '2025-10-30', 
  'ongoing', 'group', 'contemporary', false
);
INSERT INTO exhibitions_master (
  id, start_date, end_date, status, exhibition_type, genre, is_featured
) VALUES (
  '4fa7674a-4a12-4df3-9c52-6b4550894afa', '2025-08-30', '2025-10-30', 
  'ongoing', 'group', 'contemporary', false
);
INSERT INTO exhibitions_master (
  id, start_date, end_date, status, exhibition_type, genre, is_featured
) VALUES (
  '11e5d851-2515-4095-9672-6da1c9481bfd', '2025-08-30', '2025-09-30', 
  'ongoing', 'group', 'contemporary', false
);
INSERT INTO exhibitions_master (
  id, start_date, end_date, status, exhibition_type, genre, is_featured
) VALUES (
  '68ed8089-0bf7-4387-bfb5-f85c79a5b32e', '2025-08-30', '2025-10-30', 
  'ongoing', 'group', 'contemporary', false
);
INSERT INTO exhibitions_master (
  id, start_date, end_date, status, exhibition_type, genre, is_featured
) VALUES (
  '9675daf7-06f8-4729-b145-cf88d1e05c85', '2025-08-30', '2025-10-30', 
  'ongoing', 'group', 'contemporary', false
);
INSERT INTO exhibitions_master (
  id, start_date, end_date, status, exhibition_type, genre, is_featured
) VALUES (
  '18e83f2d-e3eb-41e3-90cc-51c146ff1f86', '2025-09-01', '2025-10-12', 
  'upcoming', 'group', 'contemporary', false
);
INSERT INTO exhibitions_master (
  id, start_date, end_date, status, exhibition_type, genre, is_featured
) VALUES (
  '7930ec6f-8767-43c7-9bfd-ba7dc5546314', '2025-09-02', '2025-09-14', 
  'upcoming', 'solo', 'contemporary', false
);
INSERT INTO exhibitions_master (
  id, start_date, end_date, status, exhibition_type, genre, is_featured
) VALUES (
  'f6643d8b-1279-4354-a6f1-16119419821b', '2025-09-02', '2025-09-30', 
  'upcoming', 'group', 'contemporary', false
);
INSERT INTO exhibitions_master (
  id, start_date, end_date, status, exhibition_type, genre, is_featured
) VALUES (
  '63e1429a-45bf-49e5-a93a-342e3f059d65', '2025-09-02', '2025-10-26', 
  'upcoming', 'group', 'contemporary', true
);
INSERT INTO exhibitions_master (
  id, start_date, end_date, status, exhibition_type, genre, is_featured
) VALUES (
  'a56b9646-1db9-4fc7-a448-48883130cd33', '2025-09-02', '2025-10-26', 
  'upcoming', 'group', 'contemporary', true
);
INSERT INTO exhibitions_master (
  id, start_date, end_date, status, exhibition_type, genre, is_featured
) VALUES (
  'c7c4da5d-d241-4751-95f2-09a7f078b8b0', '2025-09-02', '2025-09-30', 
  'upcoming', 'group', 'contemporary', false
);
INSERT INTO exhibitions_master (
  id, start_date, end_date, status, exhibition_type, genre, is_featured
) VALUES (
  'a36f861f-0f86-43ba-b737-1ab2303703a7', '2025-09-02', '2025-11-08', 
  'upcoming', 'group', 'contemporary', false
);
INSERT INTO exhibitions_master (
  id, start_date, end_date, status, exhibition_type, genre, is_featured
) VALUES (
  '6e64c5b2-54e7-44a7-a179-d1ed8fb3ade1', '2025-09-02', '2025-10-25', 
  'upcoming', 'group', 'contemporary', false
);
INSERT INTO exhibitions_master (
  id, start_date, end_date, status, exhibition_type, genre, is_featured
) VALUES (
  '545875dc-9bc1-42ea-8257-0b27b985f70b', '2025-09-02', '2025-10-11', 
  'upcoming', 'group', 'contemporary', true
);
INSERT INTO exhibitions_master (
  id, start_date, end_date, status, exhibition_type, genre, is_featured
) VALUES (
  'e0412ddc-3503-4148-a9b0-1416e9b30d97', '2025-09-02', '2025-10-25', 
  'upcoming', 'group', 'contemporary', false
);
INSERT INTO exhibitions_master (
  id, start_date, end_date, status, exhibition_type, genre, is_featured
) VALUES (
  '1c974bc4-2ff7-4535-834c-1c36842fd785', '2025-09-02', '2025-10-25', 
  'upcoming', 'group', 'contemporary', false
);
INSERT INTO exhibitions_master (
  id, start_date, end_date, status, exhibition_type, genre, is_featured
) VALUES (
  '46828a67-1d7a-4f04-90eb-28f23b67e0e3', '2026-09-03', '2026-02-01', 
  'upcoming', 'group', 'contemporary', false
);
INSERT INTO exhibitions_master (
  id, start_date, end_date, status, exhibition_type, genre, is_featured
) VALUES (
  '57f41f8c-55fa-4648-b385-9c09e4e93bdc', '2025-09-03', '2025-09-06', 
  'upcoming', 'group', 'contemporary', false
);
INSERT INTO exhibitions_master (
  id, start_date, end_date, status, exhibition_type, genre, is_featured
) VALUES (
  '46a5dc1a-7a49-45f2-9219-87a40211e053', '2025-09-03', '2025-09-07', 
  'upcoming', 'group', 'contemporary', false
);
INSERT INTO exhibitions_master (
  id, start_date, end_date, status, exhibition_type, genre, is_featured
) VALUES (
  'c1a5e304-16de-42d7-b24d-58200ab7fae3', '2026-09-04', '2026-01-04', 
  'upcoming', 'solo', 'contemporary', true
);
INSERT INTO exhibitions_master (
  id, start_date, end_date, status, exhibition_type, genre, is_featured
) VALUES (
  '5ffaa6e8-4510-4859-b57a-abc8e76f7744', '2025-04-25', '2025-09-07', 
  'ongoing', 'group', 'contemporary', true
);
INSERT INTO exhibitions_master (
  id, start_date, end_date, status, exhibition_type, genre, is_featured
) VALUES (
  '329c0bad-ac95-4de2-94a1-535997791bdb', '2025-07-01', '2025-09-07', 
  'ongoing', 'solo', 'contemporary', false
);
INSERT INTO exhibitions_master (
  id, start_date, end_date, status, exhibition_type, genre, is_featured
) VALUES (
  '7e33bd4c-2c8e-4c9e-970d-5a3e0db1cc63', '2025-07-01', '2025-09-07', 
  'ongoing', 'solo', 'contemporary', false
);
INSERT INTO exhibitions_master (
  id, start_date, end_date, status, exhibition_type, genre, is_featured
) VALUES (
  '2bd7b685-fb76-49da-afdb-bc877171bab2', '2025-07-01', '2025-09-07', 
  'ongoing', 'solo', 'contemporary', false
);
INSERT INTO exhibitions_master (
  id, start_date, end_date, status, exhibition_type, genre, is_featured
) VALUES (
  '05c1d0af-e57d-4e64-b2cd-3c7f9328b8e3', '2025-08-01', '2025-09-07', 
  'ongoing', 'group', 'contemporary', false
);
INSERT INTO exhibitions_master (
  id, start_date, end_date, status, exhibition_type, genre, is_featured
) VALUES (
  '41814a9f-5fe8-4e38-9abb-ffc6a87c8f91', '2025-09-10', '2025-10-22', 
  'upcoming', 'group', 'contemporary', false
);
INSERT INTO exhibitions_master (
  id, start_date, end_date, status, exhibition_type, genre, is_featured
) VALUES (
  'f245e52b-42f4-4d4b-abcf-51eac1b7a6d7', '2025-07-01', '2025-09-14', 
  'ongoing', 'group', 'contemporary', false
);
INSERT INTO exhibitions_master (
  id, start_date, end_date, status, exhibition_type, genre, is_featured
) VALUES (
  '69adbb8b-0286-49ad-86d9-57f8ca32edd3', '2025-09-17', '2025-10-25', 
  'upcoming', 'group', 'contemporary', false
);
INSERT INTO exhibitions_master (
  id, start_date, end_date, status, exhibition_type, genre, is_featured
) VALUES (
  'f50e9fff-6ea4-444b-8f3d-9aa57556d771', '2025-07-01', '2025-09-20', 
  'ongoing', 'group', 'contemporary', false
);
INSERT INTO exhibitions_master (
  id, start_date, end_date, status, exhibition_type, genre, is_featured
) VALUES (
  '2701718d-24d6-42d3-876c-0d33015b1175', '2025-08-01', '2025-09-20', 
  'ongoing', 'group', 'contemporary', false
);
INSERT INTO exhibitions_master (
  id, start_date, end_date, status, exhibition_type, genre, is_featured
) VALUES (
  '781a8ebb-a756-4394-bba4-c4543a6be78c', '2025-08-01', '2025-09-20', 
  'ongoing', 'group', 'contemporary', false
);
INSERT INTO exhibitions_master (
  id, start_date, end_date, status, exhibition_type, genre, is_featured
) VALUES (
  'e28cf2b1-f17b-4444-8523-a1a3562cbe43', '2025-08-01', '2025-09-20', 
  'ongoing', 'group', 'contemporary', false
);
INSERT INTO exhibitions_master (
  id, start_date, end_date, status, exhibition_type, genre, is_featured
) VALUES (
  'c6bd2668-3c3e-47df-8be9-cd9d3452039f', '2025-08-01', '2025-09-20', 
  'ongoing', 'group', 'contemporary', false
);
INSERT INTO exhibitions_master (
  id, start_date, end_date, status, exhibition_type, genre, is_featured
) VALUES (
  'f25c602b-444d-4dca-b76a-d63aa19be930', '2026-09-20', '2026-01-25', 
  'upcoming', 'special', 'contemporary', false
);
INSERT INTO exhibitions_master (
  id, start_date, end_date, status, exhibition_type, genre, is_featured
) VALUES (
  '53f89fcf-53f6-44a2-a8c1-815e95faa71c', '2025-05-15', '2025-09-21', 
  'ongoing', 'special', 'contemporary', false
);
INSERT INTO exhibitions_master (
  id, start_date, end_date, status, exhibition_type, genre, is_featured
) VALUES (
  'd5e540fd-ddce-4dc9-8105-ca50bedec654', '2025-08-01', '2025-09-21', 
  'ongoing', 'group', 'contemporary', false
);
INSERT INTO exhibitions_master (
  id, start_date, end_date, status, exhibition_type, genre, is_featured
) VALUES (
  '72594414-63d2-49d2-8611-c167f8ee0267', '2026-09-23', '2026-01-31', 
  'upcoming', 'group', 'contemporary', false
);
INSERT INTO exhibitions_master (
  id, start_date, end_date, status, exhibition_type, genre, is_featured
) VALUES (
  'e470c31d-7e30-490b-87a5-b2ed63fe474c', '2025-06-20', '2025-09-24', 
  'ongoing', 'group', 'contemporary', false
);
INSERT INTO exhibitions_master (
  id, start_date, end_date, status, exhibition_type, genre, is_featured
) VALUES (
  '52103c1c-dbf3-40eb-9885-83ac47fa8aeb', '2025-08-01', '2025-09-27', 
  'ongoing', 'group', 'contemporary', false
);
INSERT INTO exhibitions_master (
  id, start_date, end_date, status, exhibition_type, genre, is_featured
) VALUES (
  '0a88cd53-0fa4-4f1d-a811-8325c40770fd', '2025-07-01', '2025-09-27', 
  'ongoing', 'group', 'contemporary', false
);
INSERT INTO exhibitions_master (
  id, start_date, end_date, status, exhibition_type, genre, is_featured
) VALUES (
  'e7570db7-2985-408f-a789-81e27b3decc1', '2025-08-01', '2025-09-27', 
  'ongoing', 'group', 'contemporary', false
);
INSERT INTO exhibitions_master (
  id, start_date, end_date, status, exhibition_type, genre, is_featured
) VALUES (
  '50e76033-6de9-41b7-beee-0a2d81f3a906', '2025-08-01', '2025-09-28', 
  'ongoing', 'group', 'contemporary', false
);
INSERT INTO exhibitions_master (
  id, start_date, end_date, status, exhibition_type, genre, is_featured
) VALUES (
  '4f98f18f-0565-4487-89b3-5433de1ac3eb', '2025-08-30', '2025-10-18', 
  'ongoing', 'group', 'contemporary', false
);
INSERT INTO exhibitions_master (
  id, start_date, end_date, status, exhibition_type, genre, is_featured
) VALUES (
  '38508219-7d5a-4841-8844-d6db3af97098', '2025-08-23', '2025-10-04', 
  'ongoing', 'group', 'contemporary', false
);
INSERT INTO exhibitions_master (
  id, start_date, end_date, status, exhibition_type, genre, is_featured
) VALUES (
  '5ddff979-de57-4c1d-bfcd-9af21e200435', '2025-08-01', '2025-09-03', 
  'ongoing', 'group', 'contemporary', false
);
INSERT INTO exhibitions_master (
  id, start_date, end_date, status, exhibition_type, genre, is_featured
) VALUES (
  '8c52243e-680f-4107-95c7-115af860c17b', '2025-08-01', '2025-10-31', 
  'ongoing', 'solo', 'contemporary', false
);
INSERT INTO exhibitions_master (
  id, start_date, end_date, status, exhibition_type, genre, is_featured
) VALUES (
  '49d37d62-844f-4319-862b-e13b55b7915f', '2025-08-23', '2025-09-21', 
  'ongoing', 'group', 'contemporary', false
);
INSERT INTO exhibitions_master (
  id, start_date, end_date, status, exhibition_type, genre, is_featured
) VALUES (
  '9c4a0541-d8af-4e3b-a6c9-72b2078edc66', '2025-08-14', '2025-11-02', 
  'ongoing', 'group', 'contemporary', false
);
INSERT INTO exhibitions_master (
  id, start_date, end_date, status, exhibition_type, genre, is_featured
) VALUES (
  'd426a418-a5e9-437b-857b-5624425ed518', '2025-08-15', '2025-09-07', 
  'ongoing', 'group', 'contemporary', false
);
INSERT INTO exhibitions_master (
  id, start_date, end_date, status, exhibition_type, genre, is_featured
) VALUES (
  '12c4394b-732b-4e98-9d15-4ec9136ee9c8', '2025-08-01', '2025-08-31', 
  'ongoing', 'group', 'contemporary', false
);
INSERT INTO exhibitions_master (
  id, start_date, end_date, status, exhibition_type, genre, is_featured
) VALUES (
  '8ff53da1-556d-46b1-b228-a9d858943f88', '2025-08-14', '2025-11-09', 
  'ongoing', 'group', 'contemporary', false
);
INSERT INTO exhibitions_master (
  id, start_date, end_date, status, exhibition_type, genre, is_featured
) VALUES (
  '53e4b4df-0513-4b16-9d1f-7d10524b88f2', '2026-08-30', '2026-01-04', 
  'upcoming', 'group', 'contemporary', true
);
INSERT INTO exhibitions_master (
  id, start_date, end_date, status, exhibition_type, genre, is_featured
) VALUES (
  '781233f3-6ef6-4f6a-8973-86a5518ee9ea', '2025-08-22', '2025-09-21', 
  'ongoing', 'group', 'contemporary', false
);
INSERT INTO exhibitions_master (
  id, start_date, end_date, status, exhibition_type, genre, is_featured
) VALUES (
  '7d3501f6-2788-4f3c-a74c-b4b6ecdca3e4', '2025-07-20', '2025-11-30', 
  'ongoing', 'group', 'contemporary', false
);
INSERT INTO exhibitions_master (
  id, start_date, end_date, status, exhibition_type, genre, is_featured
) VALUES (
  '64ada3d1-3e2d-40c9-9e33-2bd53c7c5f40', '2025-07-20', '2025-11-30', 
  'ongoing', 'group', 'contemporary', false
);
INSERT INTO exhibitions_master (
  id, start_date, end_date, status, exhibition_type, genre, is_featured
) VALUES (
  'ae7ee90e-91dc-4a17-ab25-876a11179049', '2025-08-22', '2025-10-19', 
  'ongoing', 'group', 'contemporary', false
);
INSERT INTO exhibitions_master (
  id, start_date, end_date, status, exhibition_type, genre, is_featured
) VALUES (
  '41287abc-3557-43f6-aed7-9721ce660168', '2025-08-28', '2025-12-28', 
  'ongoing', 'group', 'contemporary', false
);
INSERT INTO exhibitions_master (
  id, start_date, end_date, status, exhibition_type, genre, is_featured
) VALUES (
  '29baccb8-6640-4e49-a580-d804a6252267', '2025-06-20', '2025-11-30', 
  'ongoing', 'group', 'contemporary', false
);
INSERT INTO exhibitions_master (
  id, start_date, end_date, status, exhibition_type, genre, is_featured
) VALUES (
  '6954acac-41b0-4e73-b2ad-b68193f4bf67', '2025-08-11', '2025-11-05', 
  'ongoing', 'group', 'contemporary', false
);
INSERT INTO exhibitions_master (
  id, start_date, end_date, status, exhibition_type, genre, is_featured
) VALUES (
  '6336a15d-3b1a-44b3-af4c-af688bd20949', '2025-07-19', '2025-10-26', 
  'ongoing', 'group', 'contemporary', true
);
INSERT INTO exhibitions_master (
  id, start_date, end_date, status, exhibition_type, genre, is_featured
) VALUES (
  'c480657f-6613-4aec-b9cd-ae49b2188f4c', '2025-08-30', '2025-09-28', 
  'ongoing', 'group', 'contemporary', false
);
INSERT INTO exhibitions_master (
  id, start_date, end_date, status, exhibition_type, genre, is_featured
) VALUES (
  '386705e5-dc71-4da1-8e67-c37d042cd05c', '2025-08-22', '2025-09-14', 
  'ongoing', 'group', 'contemporary', false
);
INSERT INTO exhibitions_master (
  id, start_date, end_date, status, exhibition_type, genre, is_featured
) VALUES (
  'b885ea4a-8981-47ea-a626-e4845c4df14c', '2025-08-29', '2025-10-11', 
  'ongoing', 'group', 'contemporary', false
);
INSERT INTO exhibitions_master (
  id, start_date, end_date, status, exhibition_type, genre, is_featured
) VALUES (
  '5537f804-d449-4b0e-963d-88a1f65d739d', '2025-07-16', '2025-09-06', 
  'ongoing', 'group', 'contemporary', false
);
INSERT INTO exhibitions_master (
  id, start_date, end_date, status, exhibition_type, genre, is_featured
) VALUES (
  'e19c9ec1-3f2c-45ee-824c-ffa00181ebd0', '2025-08-24', '2025-09-15', 
  'ongoing', 'solo', 'contemporary', false
);

-- 전시 번역 데이터 (한글)
INSERT INTO exhibitions_translations (
  exhibition_id, language_code, exhibition_title, artists, venue_name, city
) VALUES (
  'b4ac2bde-767a-48aa-97c4-b7057ef93e55', 'ko', 
  '8월 메이저 경매', ARRAY[]::TEXT[],
  '케이옥션', '서울'
);
INSERT INTO exhibitions_translations (
  exhibition_id, language_code, exhibition_title, artists, venue_name, city
) VALUES (
  '844ca0fd-6084-43ba-ab34-2f4ab61a8e21', 'ko', 
  '김민조·오주안·홍세진', ARRAY[]::TEXT[],
  '상업화랑 을지로', '서울'
);
INSERT INTO exhibitions_translations (
  exhibition_id, language_code, exhibition_title, artists, venue_name, city
) VALUES (
  'a41f9787-e0af-4903-b488-9727ae7464e5', 'ko', 
  '김기정·로지은', ARRAY[]::TEXT[],
  '눈 컨템포러리', '서울'
);
INSERT INTO exhibitions_translations (
  exhibition_id, language_code, exhibition_title, artists, venue_name, city
) VALUES (
  '98682518-182c-437a-871b-08ba855aa6f6', 'ko', 
  '전통의 재해석', ARRAY['갓'],
  '링크서울', '서울'
);
INSERT INTO exhibitions_translations (
  exhibition_id, language_code, exhibition_title, artists, venue_name, city
) VALUES (
  '87124c0d-b9f8-4eeb-814b-2bfafb7f1004', 'ko', 
  '박지원', ARRAY[]::TEXT[],
  '스페이스 카다로그', '서울'
);
INSERT INTO exhibitions_translations (
  exhibition_id, language_code, exhibition_title, artists, venue_name, city
) VALUES (
  'bf0b53a4-1457-45c7-9df6-696b34eb6fb3', 'ko', 
  '리리리 이보배', ARRAY[]::TEXT[],
  '코소', '서울'
);
INSERT INTO exhibitions_translations (
  exhibition_id, language_code, exhibition_title, artists, venue_name, city
) VALUES (
  'a592511d-672e-4fa2-9713-d34e60fe5d19', 'ko', 
  '우리의 몸에는 타인이 깃든다', ARRAY[]::TEXT[],
  '모두미술공간', '서울'
);
INSERT INTO exhibitions_translations (
  exhibition_id, language_code, exhibition_title, artists, venue_name, city
) VALUES (
  '59eb709c-09d3-43cc-85ee-7725a6f2f774', 'ko', 
  '바자전: IN BETWEEN', ARRAY[]::TEXT[],
  '성곡미술관', '서울'
);
INSERT INTO exhibitions_translations (
  exhibition_id, language_code, exhibition_title, artists, venue_name, city
) VALUES (
  'eae62886-cf0f-489f-81ed-04e254e19e3d', 'ko', 
  '번승훈', ARRAY[]::TEXT[],
  '가나아트센터', '서울'
);
INSERT INTO exhibitions_translations (
  exhibition_id, language_code, exhibition_title, artists, venue_name, city
) VALUES (
  '85e02234-2857-4980-9103-f25866ab3b0b', 'ko', 
  'The Garden of Forking Paths', ARRAY[]::TEXT[],
  '가나아트 한남', '서울'
);
INSERT INTO exhibitions_translations (
  exhibition_id, language_code, exhibition_title, artists, venue_name, city
) VALUES (
  'e50dcbbb-6823-42d0-8195-fe453e4b4b10', 'ko', 
  '유희적 상태', ARRAY[]::TEXT[],
  '스페이스 수퍼노말', '서울'
);
INSERT INTO exhibitions_translations (
  exhibition_id, language_code, exhibition_title, artists, venue_name, city
) VALUES (
  'd75fb884-b225-42ca-9ecb-347a97af940f', 'ko', 
  'Summer Collective Exhibition', ARRAY[]::TEXT[],
  '스페이스776', '서울'
);
INSERT INTO exhibitions_translations (
  exhibition_id, language_code, exhibition_title, artists, venue_name, city
) VALUES (
  '19183f1b-cf52-4c5a-8f29-f3ceb5595031', 'ko', 
  'Pit', ARRAY[]::TEXT[],
  '피트갤러리', '서울'
);
INSERT INTO exhibitions_translations (
  exhibition_id, language_code, exhibition_title, artists, venue_name, city
) VALUES (
  '5dee32f6-86d5-4d63-9133-8a9a9adc7e98', 'ko', 
  '최영욱·채싱필', ARRAY[]::TEXT[],
  '넥스트뮤지엄갤러리', '서울'
);
INSERT INTO exhibitions_translations (
  exhibition_id, language_code, exhibition_title, artists, venue_name, city
) VALUES (
  'a0532fd7-b65b-48b0-845c-b4ab017d0fe9', 'ko', 
  '박기웅·켄토 센가', ARRAY[]::TEXT[],
  '화이트스톤갤러리', '서울'
);
INSERT INTO exhibitions_translations (
  exhibition_id, language_code, exhibition_title, artists, venue_name, city
) VALUES (
  '63cd462c-9046-4794-a476-e2899c6fe7a8', 'ko', 
  'Stone, Time, Touch', ARRAY[]::TEXT[],
  '매스갤러리 한남', '서울'
);
INSERT INTO exhibitions_translations (
  exhibition_id, language_code, exhibition_title, artists, venue_name, city
) VALUES (
  'd037815b-4230-45d8-8da0-b59945342e27', 'ko', 
  'Vivid Rest', ARRAY[]::TEXT[],
  '롯데갤러리 아트홀 잠실점', '서울'
);
INSERT INTO exhibitions_translations (
  exhibition_id, language_code, exhibition_title, artists, venue_name, city
) VALUES (
  'a4dc0161-10ab-4db2-8839-f40e8524fdaf', 'ko', 
  '8월 라이브 경매 프리뷰', ARRAY[]::TEXT[],
  '서울옥션', '서울'
);
INSERT INTO exhibitions_translations (
  exhibition_id, language_code, exhibition_title, artists, venue_name, city
) VALUES (
  'efc81755-00fc-452b-9c6a-6ede0348bd18', 'ko', 
  '전현지·승지원', ARRAY[]::TEXT[],
  'PBG 한남', '서울'
);
INSERT INTO exhibitions_translations (
  exhibition_id, language_code, exhibition_title, artists, venue_name, city
) VALUES (
  '5ac404b8-4f02-4824-9f66-2d563f588283', 'ko', 
  'Small but great', ARRAY['김마일'],
  'Small but great', '서울'
);
INSERT INTO exhibitions_translations (
  exhibition_id, language_code, exhibition_title, artists, venue_name, city
) VALUES (
  'e3b43ce2-700d-483c-be32-29dd3e5bd5ea', 'ko', 
  '김진희', ARRAY[]::TEXT[],
  '박서보재단 26SQM', '서울'
);
INSERT INTO exhibitions_translations (
  exhibition_id, language_code, exhibition_title, artists, venue_name, city
) VALUES (
  '284f9c11-7566-4946-a9ad-53f1ae417f6b', 'ko', 
  '신자경·정준원', ARRAY[]::TEXT[],
  '갤러리 지우헌', '서울'
);
INSERT INTO exhibitions_translations (
  exhibition_id, language_code, exhibition_title, artists, venue_name, city
) VALUES (
  '3237bda2-05cf-4e4b-a289-22069ab08b42', 'ko', 
  '카를로스 블랑코 아르테로', ARRAY[]::TEXT[],
  'ELIGERE 갤러리', '서울'
);
INSERT INTO exhibitions_translations (
  exhibition_id, language_code, exhibition_title, artists, venue_name, city
) VALUES (
  '2a5a0ae8-c3cc-48fb-beb4-0bcdc93e7b97', 'ko', 
  '스펙트럴 크로싱스', ARRAY[]::TEXT[],
  'DDP', '서울'
);
INSERT INTO exhibitions_translations (
  exhibition_id, language_code, exhibition_title, artists, venue_name, city
) VALUES (
  'eba9ad43-7b74-45d3-bcad-b44eca2d2321', 'ko', 
  '파편의 흐름', ARRAY[]::TEXT[],
  '갤러리조선', '서울'
);
INSERT INTO exhibitions_translations (
  exhibition_id, language_code, exhibition_title, artists, venue_name, city
) VALUES (
  'a078a396-935a-4456-b2d0-4d1695795da0', 'ko', 
  '김창열 회고전', ARRAY[]::TEXT[],
  '국립현대미술관 서울', '서울'
);
INSERT INTO exhibitions_translations (
  exhibition_id, language_code, exhibition_title, artists, venue_name, city
) VALUES (
  'a72cddea-20ca-498f-8e15-40857c45dfbe', 'ko', 
  '파노라마', ARRAY[]::TEXT[],
  '송은', '서울'
);
INSERT INTO exhibitions_translations (
  exhibition_id, language_code, exhibition_title, artists, venue_name, city
) VALUES (
  'f301cd69-1051-446f-ad85-273da6c1cfc9', 'ko', 
  '김환기와 브라질·심상의 풍경', ARRAY[]::TEXT[],
  '환기미술관', '서울'
);
INSERT INTO exhibitions_translations (
  exhibition_id, language_code, exhibition_title, artists, venue_name, city
) VALUES (
  '8cb3c6e7-b5c5-4e1d-98cc-6f57c82b238d', 'ko', 
  '더 퓨처 판타지', ARRAY['헤리티지'],
  'DDP', '서울'
);
INSERT INTO exhibitions_translations (
  exhibition_id, language_code, exhibition_title, artists, venue_name, city
) VALUES (
  '5aaa761b-7814-45fb-adee-77b3dff17c41', 'ko', 
  '형상 회로', ARRAY[]::TEXT[],
  '일민미술관', '서울'
);
INSERT INTO exhibitions_translations (
  exhibition_id, language_code, exhibition_title, artists, venue_name, city
) VALUES (
  'e812eb03-4acb-4b60-8dcb-938db91a8aff', 'ko', 
  '카토 이즈미', ARRAY[]::TEXT[],
  '페로탕', '서울'
);
INSERT INTO exhibitions_translations (
  exhibition_id, language_code, exhibition_title, artists, venue_name, city
) VALUES (
  'df47f3cb-dc70-46ea-8f42-366dd1b034f7', 'ko', 
  '영혼의 기술>', ARRAY['제13회 서울미디어시티비엔날레 <강령'],
  '서울시립미술관 본관 외 3곳', '서울'
);
INSERT INTO exhibitions_translations (
  exhibition_id, language_code, exhibition_title, artists, venue_name, city
) VALUES (
  'f64bf835-64a8-4627-aa9d-0821e392982c', 'ko', 
  '2025 아르코데이', ARRAY[]::TEXT[],
  '아르코미술관', '서울'
);
INSERT INTO exhibitions_translations (
  exhibition_id, language_code, exhibition_title, artists, venue_name, city
) VALUES (
  '3e33e3a0-07ca-4b17-9564-0a415715b7d2', 'ko', 
  '나래쉬 쿠마르', ARRAY[]::TEXT[],
  'PS CENTER', '서울'
);
INSERT INTO exhibitions_translations (
  exhibition_id, language_code, exhibition_title, artists, venue_name, city
) VALUES (
  '36af402e-506b-4d87-a5b7-20bdd0b91460', 'ko', 
  'March to March', ARRAY[]::TEXT[],
  'PS CENTER', '서울'
);
INSERT INTO exhibitions_translations (
  exhibition_id, language_code, exhibition_title, artists, venue_name, city
) VALUES (
  'a7f72a55-2ba9-44fc-8b49-417266b10f63', 'ko', 
  '집, 옷을 입다', ARRAY[]::TEXT[],
  '서울공예박물관', '서울'
);
INSERT INTO exhibitions_translations (
  exhibition_id, language_code, exhibition_title, artists, venue_name, city
) VALUES (
  '9adeea32-6ad4-4226-814a-811476e289d4', 'ko', 
  '물질-실천', ARRAY[]::TEXT[],
  '서울공예박물관', '서울'
);
INSERT INTO exhibitions_translations (
  exhibition_id, language_code, exhibition_title, artists, venue_name, city
) VALUES (
  '176af722-6803-48a1-9652-8ac7a34b0315', 'ko', 
  '김민정', ARRAY[]::TEXT[],
  '갤러리현대', '서울'
);
INSERT INTO exhibitions_translations (
  exhibition_id, language_code, exhibition_title, artists, venue_name, city
) VALUES (
  '8b97810c-ca96-44e8-91ce-bc17cec95599', 'ko', 
  '쌩~휙!', ARRAY['성능경'],
  '백아트', '서울'
);
INSERT INTO exhibitions_translations (
  exhibition_id, language_code, exhibition_title, artists, venue_name, city
) VALUES (
  '474470fb-dfa5-4614-a7c0-e6dcfa4be006', 'ko', 
  '이강승·캔디스 린', ARRAY[]::TEXT[],
  '갤러리현대', '서울'
);
INSERT INTO exhibitions_translations (
  exhibition_id, language_code, exhibition_title, artists, venue_name, city
) VALUES (
  '0311ed62-79d8-44dd-872b-596c01b762b3', 'ko', 
  '테레시타 페르난데스', ARRAY[]::TEXT[],
  '리만머핀', '서울'
);
INSERT INTO exhibitions_translations (
  exhibition_id, language_code, exhibition_title, artists, venue_name, city
) VALUES (
  'f2238842-2203-4f5a-bd64-80653c833c7d', 'ko', 
  '물, 쌀, 풀', ARRAY[]::TEXT[],
  '뮤지엄멋', '서울'
);
INSERT INTO exhibitions_translations (
  exhibition_id, language_code, exhibition_title, artists, venue_name, city
) VALUES (
  'be9337eb-7ab5-439e-b984-1b9662fa52d0', 'ko', 
  '우한나', ARRAY[]::TEXT[],
  'G Gallery', '서울'
);
INSERT INTO exhibitions_translations (
  exhibition_id, language_code, exhibition_title, artists, venue_name, city
) VALUES (
  '1ae6fe2d-856a-48cb-811d-3ba2c7cec05a', 'ko', 
  '김연홍', ARRAY[]::TEXT[],
  '코소', '서울'
);
INSERT INTO exhibitions_translations (
  exhibition_id, language_code, exhibition_title, artists, venue_name, city
) VALUES (
  'cbeac977-0430-4d3d-8d4c-3a508cfd2c0f', 'ko', 
  '김상소', ARRAY[]::TEXT[],
  '프로젝트 스페이스 사루비아', '서울'
);
INSERT INTO exhibitions_translations (
  exhibition_id, language_code, exhibition_title, artists, venue_name, city
) VALUES (
  'bf05fbeb-9bea-4bcc-9cf4-328d8f490e77', 'ko', 
  '한의도', ARRAY[]::TEXT[],
  '호리아트스페이스', '서울'
);
INSERT INTO exhibitions_translations (
  exhibition_id, language_code, exhibition_title, artists, venue_name, city
) VALUES (
  '4e68e19d-a6e2-482c-81cd-04af47a1fb5c', 'ko', 
  '윤형재', ARRAY[]::TEXT[],
  '갤러리제이원 서울', '서울'
);
INSERT INTO exhibitions_translations (
  exhibition_id, language_code, exhibition_title, artists, venue_name, city
) VALUES (
  '498d83dc-ae41-42df-883d-f35d4055469c', 'ko', 
  'Poetic Forensic', ARRAY[]::TEXT[],
  '상업화랑', '서울'
);
INSERT INTO exhibitions_translations (
  exhibition_id, language_code, exhibition_title, artists, venue_name, city
) VALUES (
  '404c53fa-1369-47e9-b0e7-9721f278d86e', 'ko', 
  '오세열', ARRAY[]::TEXT[],
  '갤러리조은', '서울'
);
INSERT INTO exhibitions_translations (
  exhibition_id, language_code, exhibition_title, artists, venue_name, city
) VALUES (
  '5d4c3531-eac1-4feb-8fe9-e8abb4e568a4', 'ko', 
  '남춘모', ARRAY[]::TEXT[],
  '리안갤러리 서울', '서울'
);
INSERT INTO exhibitions_translations (
  exhibition_id, language_code, exhibition_title, artists, venue_name, city
) VALUES (
  '0ca2cce0-0b4e-4053-9089-5198ee8b750a', 'ko', 
  '정해윤', ARRAY[]::TEXT[],
  '갤러리 나우', '서울'
);
INSERT INTO exhibitions_translations (
  exhibition_id, language_code, exhibition_title, artists, venue_name, city
) VALUES (
  '167c8cd5-8bc1-406a-b05c-35f7faa0441c', 'ko', 
  '박영민·유지영·이은우', ARRAY[]::TEXT[],
  '갤러리 키체', '서울'
);
INSERT INTO exhibitions_translations (
  exhibition_id, language_code, exhibition_title, artists, venue_name, city
) VALUES (
  'e6d29334-1c05-4acb-85ea-1a9c0b206359', 'ko', 
  '유근택·정용국', ARRAY[]::TEXT[],
  '누크갤러리', '서울'
);
INSERT INTO exhibitions_translations (
  exhibition_id, language_code, exhibition_title, artists, venue_name, city
) VALUES (
  '71f74f75-f512-49f8-9883-c3bd1c61f4c6', 'ko', 
  '최철웅', ARRAY[]::TEXT[],
  '토탈미술관', '서울'
);
INSERT INTO exhibitions_translations (
  exhibition_id, language_code, exhibition_title, artists, venue_name, city
) VALUES (
  '9b45d135-240a-4b8b-a5c5-fdfd4fb49722', 'ko', 
  '조영남·조조 아나비', ARRAY[]::TEXT[],
  '스페이스776', '서울'
);
INSERT INTO exhibitions_translations (
  exhibition_id, language_code, exhibition_title, artists, venue_name, city
) VALUES (
  '7727fd3f-a55d-4f90-82ff-31c4ba055866', 'ko', 
  '패치워크!', ARRAY[]::TEXT[],
  '더 월로', '서울'
);
INSERT INTO exhibitions_translations (
  exhibition_id, language_code, exhibition_title, artists, venue_name, city
) VALUES (
  'd3ec7b46-0e9a-4706-81d0-67c22493dcb2', 'ko', 
  '임현정', ARRAY[]::TEXT[],
  '아뜰리에 아키', '서울'
);
INSERT INTO exhibitions_translations (
  exhibition_id, language_code, exhibition_title, artists, venue_name, city
) VALUES (
  '3db2ae73-8adc-4c11-aab6-d1fb52238654', 'ko', 
  '지미 로버트', ARRAY[]::TEXT[],
  '바라캇 컨템포러리', '서울'
);
INSERT INTO exhibitions_translations (
  exhibition_id, language_code, exhibition_title, artists, venue_name, city
) VALUES (
  '70e084df-a94d-49ef-b70e-d23ac60a3c54', 'ko', 
  '다시, 지구', ARRAY[]::TEXT[],
  '서울시립 미술아카이브', '서울'
);
INSERT INTO exhibitions_translations (
  exhibition_id, language_code, exhibition_title, artists, venue_name, city
) VALUES (
  '933948c3-efb4-448a-bfac-b8ece331a9e7', 'ko', 
  '이지수', ARRAY[]::TEXT[],
  '상히읗', '서울'
);
INSERT INTO exhibitions_translations (
  exhibition_id, language_code, exhibition_title, artists, venue_name, city
) VALUES (
  'afc692b5-17d4-4da8-9d42-f50e226396e2', 'ko', 
  '노노탁 스튜디오', ARRAY[]::TEXT[],
  '세화미술관', '서울'
);
INSERT INTO exhibitions_translations (
  exhibition_id, language_code, exhibition_title, artists, venue_name, city
) VALUES (
  '91e0ea3d-d21b-4cfa-a29f-071f85bf2548', 'ko', 
  '쿠사마 야요이', ARRAY[]::TEXT[],
  '세화미술관', '서울'
);
INSERT INTO exhibitions_translations (
  exhibition_id, language_code, exhibition_title, artists, venue_name, city
) VALUES (
  '49824cbb-5587-4a36-88bc-218e3f08d5e8', 'ko', 
  '헨릭 울달렌', ARRAY[]::TEXT[],
  '화이트스톤갤러리', '서울'
);
INSERT INTO exhibitions_translations (
  exhibition_id, language_code, exhibition_title, artists, venue_name, city
) VALUES (
  'c2702582-6ab6-47b3-8776-ae85f2a04364', 'ko', 
  '우고 론디노네', ARRAY[]::TEXT[],
  '글래드스톤갤러리', '서울'
);
INSERT INTO exhibitions_translations (
  exhibition_id, language_code, exhibition_title, artists, venue_name, city
) VALUES (
  'bba48a6f-37fd-4897-928a-a2e889a21dcb', 'ko', 
  '장, 식탁으로 이어진 풍경', ARRAY[]::TEXT[],
  '재단법인 아름지기', '서울'
);
INSERT INTO exhibitions_translations (
  exhibition_id, language_code, exhibition_title, artists, venue_name, city
) VALUES (
  '403cbae9-996b-4933-9081-5863c47ed885', 'ko', 
  '페트라 콜린스', ARRAY[]::TEXT[],
  '대림미술관', '서울'
);
INSERT INTO exhibitions_translations (
  exhibition_id, language_code, exhibition_title, artists, venue_name, city
) VALUES (
  '8c464aaf-d6a2-495a-a149-e1e225c0c60c', 'ko', 
  '올해의 작가상 2025', ARRAY[]::TEXT[],
  '국립현대미술관 서울', '서울'
);
INSERT INTO exhibitions_translations (
  exhibition_id, language_code, exhibition_title, artists, venue_name, city
) VALUES (
  '934d60cb-95ef-4d94-a47a-1ac77a723b90', 'ko', 
  '안상수', ARRAY[]::TEXT[],
  '옴스큐라1', '서울'
);
INSERT INTO exhibitions_translations (
  exhibition_id, language_code, exhibition_title, artists, venue_name, city
) VALUES (
  'fac822c2-8223-465c-a5cd-f7a96802f178', 'ko', 
  '굴절된 등', ARRAY[]::TEXT[],
  '스페이스 카다로그', '서울'
);
INSERT INTO exhibitions_translations (
  exhibition_id, language_code, exhibition_title, artists, venue_name, city
) VALUES (
  'a4b23d9c-8bdd-4816-8c28-b6f9ccdc2a42', 'ko', 
  '오수환', ARRAY[]::TEXT[],
  '가나아트센터', '서울'
);
INSERT INTO exhibitions_translations (
  exhibition_id, language_code, exhibition_title, artists, venue_name, city
) VALUES (
  '88fbe6d3-c76d-4d62-aaa1-6eee31a6ba26', 'ko', 
  '조주현', ARRAY[]::TEXT[],
  '페이토 갤러리', '서울'
);
INSERT INTO exhibitions_translations (
  exhibition_id, language_code, exhibition_title, artists, venue_name, city
) VALUES (
  '0697a684-2a4d-4a51-ad13-0a6482d92c1a', 'ko', 
  '백경호', ARRAY[]::TEXT[],
  '눈 컨템포러리', '서울'
);
INSERT INTO exhibitions_translations (
  exhibition_id, language_code, exhibition_title, artists, venue_name, city
) VALUES (
  '818b6df4-1afb-4fb0-8008-73a4e568c8eb', 'ko', 
  '김형대', ARRAY[]::TEXT[],
  '금산갤러리', '서울'
);
INSERT INTO exhibitions_translations (
  exhibition_id, language_code, exhibition_title, artists, venue_name, city
) VALUES (
  '7c384c67-7e05-4c4b-9de9-8bc32f3a20bd', 'ko', 
  'Flesh & Love', ARRAY['Nude'],
  '제이슨함', '서울'
);
INSERT INTO exhibitions_translations (
  exhibition_id, language_code, exhibition_title, artists, venue_name, city
) VALUES (
  '6d76c76f-ffc8-41d4-b21a-10bb21f37114', 'ko', 
  '김허앵', ARRAY[]::TEXT[],
  '스페이스 윌링앤딜링', '서울'
);
INSERT INTO exhibitions_translations (
  exhibition_id, language_code, exhibition_title, artists, venue_name, city
) VALUES (
  '77a9c01d-29d6-4102-97dc-ba65e12f96d5', 'ko', 
  '연여인', ARRAY[]::TEXT[],
  '디아 컨템포러리', '서울'
);
INSERT INTO exhibitions_translations (
  exhibition_id, language_code, exhibition_title, artists, venue_name, city
) VALUES (
  'dab48290-f96a-4cf8-9b21-2413cb324ee5', 'ko', 
  '자아들의 양상불', ARRAY[]::TEXT[],
  '라니서울', '서울'
);
INSERT INTO exhibitions_translations (
  exhibition_id, language_code, exhibition_title, artists, venue_name, city
) VALUES (
  '4fa7674a-4a12-4df3-9c52-6b4550894afa', 'ko', 
  '정진아', ARRAY[]::TEXT[],
  '로이갤러리 압구정', '서울'
);
INSERT INTO exhibitions_translations (
  exhibition_id, language_code, exhibition_title, artists, venue_name, city
) VALUES (
  '11e5d851-2515-4095-9672-6da1c9481bfd', 'ko', 
  '間 Interstice', ARRAY[]::TEXT[],
  '캡션 서울', '서울'
);
INSERT INTO exhibitions_translations (
  exhibition_id, language_code, exhibition_title, artists, venue_name, city
) VALUES (
  '68ed8089-0bf7-4387-bfb5-f85c79a5b32e', 'ko', 
  '왕 시야오', ARRAY[]::TEXT[],
  '탕 컨템포러리 아트', '서울'
);
INSERT INTO exhibitions_translations (
  exhibition_id, language_code, exhibition_title, artists, venue_name, city
) VALUES (
  '9675daf7-06f8-4729-b145-cf88d1e05c85', 'ko', 
  '카롤린 드네르보', ARRAY[]::TEXT[],
  '화이트스톤갤러리', '서울'
);
INSERT INTO exhibitions_translations (
  exhibition_id, language_code, exhibition_title, artists, venue_name, city
) VALUES (
  '18e83f2d-e3eb-41e3-90cc-51c146ff1f86', 'ko', 
  '거상거상 거상거 - 차연서', ARRAY[]::TEXT[],
  '미정', '서울'
);
INSERT INTO exhibitions_translations (
  exhibition_id, language_code, exhibition_title, artists, venue_name, city
) VALUES (
  '7930ec6f-8767-43c7-9bfd-ba7dc5546314', 'ko', 
  '한국을 비추다', ARRAY['창작의 빛'],
  'DDP 이간수문', '서울'
);
INSERT INTO exhibitions_translations (
  exhibition_id, language_code, exhibition_title, artists, venue_name, city
) VALUES (
  'f6643d8b-1279-4354-a6f1-16119419821b', 'ko', 
  'others vs others', ARRAY[]::TEXT[],
  '아트조선스페이스', '서울'
);
INSERT INTO exhibitions_translations (
  exhibition_id, language_code, exhibition_title, artists, venue_name, city
) VALUES (
  '63e1429a-45bf-49e5-a93a-342e3f059d65', 'ko', 
  '갈라 포라스-김', ARRAY[]::TEXT[],
  '국제갤러리', '서울'
);
INSERT INTO exhibitions_translations (
  exhibition_id, language_code, exhibition_title, artists, venue_name, city
) VALUES (
  'a56b9646-1db9-4fc7-a448-48883130cd33', 'ko', 
  '루이즈 부르주아', ARRAY[]::TEXT[],
  '국제갤러리', '서울'
);
INSERT INTO exhibitions_translations (
  exhibition_id, language_code, exhibition_title, artists, venue_name, city
) VALUES (
  'c7c4da5d-d241-4751-95f2-09a7f078b8b0', 'ko', 
  '패트릭 휴즈', ARRAY[]::TEXT[],
  '박여숙화랑', '서울'
);
INSERT INTO exhibitions_translations (
  exhibition_id, language_code, exhibition_title, artists, venue_name, city
) VALUES (
  'a36f861f-0f86-43ba-b737-1ab2303703a7', 'ko', 
  '안토니 곰리', ARRAY[]::TEXT[],
  '타데우스 로팍 서울', '서울'
);
INSERT INTO exhibitions_translations (
  exhibition_id, language_code, exhibition_title, artists, venue_name, city
) VALUES (
  '6e64c5b2-54e7-44a7-a179-d1ed8fb3ade1', 'ko', 
  '앤 베로니카 얀센스', ARRAY[]::TEXT[],
  '에스더쉬퍼', '서울'
);
INSERT INTO exhibitions_translations (
  exhibition_id, language_code, exhibition_title, artists, venue_name, city
) VALUES (
  '545875dc-9bc1-42ea-8257-0b27b985f70b', 'ko', 
  '무라카미 다카시', ARRAY[]::TEXT[],
  '아모레퍼시픽미술관', '서울'
);
INSERT INTO exhibitions_translations (
  exhibition_id, language_code, exhibition_title, artists, venue_name, city
) VALUES (
  'e0412ddc-3503-4148-a9b0-1416e9b30d97', 'ko', 
  '마리우스 슈타이거', ARRAY[]::TEXT[],
  '두아르트 스퀘이라', '서울'
);
INSERT INTO exhibitions_translations (
  exhibition_id, language_code, exhibition_title, artists, venue_name, city
) VALUES (
  '1c974bc4-2ff7-4535-834c-1c36842fd785', 'ko', 
  '이미 크뇌벨', ARRAY[]::TEXT[],
  '두아르트 스퀘이라', '서울'
);
INSERT INTO exhibitions_translations (
  exhibition_id, language_code, exhibition_title, artists, venue_name, city
) VALUES (
  '46828a67-1d7a-4f04-90eb-28f23b67e0e3', 'ko', 
  '아드리안 비야르 로하스', ARRAY[]::TEXT[],
  '아트선재센터', '서울'
);
INSERT INTO exhibitions_translations (
  exhibition_id, language_code, exhibition_title, artists, venue_name, city
) VALUES (
  '57f41f8c-55fa-4648-b385-9c09e4e93bdc', 'ko', 
  'Frieze Seoul 2025', ARRAY[]::TEXT[],
  '코엑스', '서울'
);
INSERT INTO exhibitions_translations (
  exhibition_id, language_code, exhibition_title, artists, venue_name, city
) VALUES (
  '46a5dc1a-7a49-45f2-9219-87a40211e053', 'ko', 
  'Kiaf 서울 2025', ARRAY[]::TEXT[],
  '코엑스', '서울'
);
INSERT INTO exhibitions_translations (
  exhibition_id, language_code, exhibition_title, artists, venue_name, city
) VALUES (
  'c1a5e304-16de-42d7-b24d-58200ab7fae3', 'ko', 
  '1998년 이후', ARRAY['이불'],
  '리움미술관', '서울'
);
INSERT INTO exhibitions_translations (
  exhibition_id, language_code, exhibition_title, artists, venue_name, city
) VALUES (
  '5ffaa6e8-4510-4859-b57a-abc8e76f7744', 'ko', 
  '현대카드 컬처프로젝트 29 톰 삭스', ARRAY[]::TEXT[],
  'DDP', '서울'
);
INSERT INTO exhibitions_translations (
  exhibition_id, language_code, exhibition_title, artists, venue_name, city
) VALUES (
  '329c0bad-ac95-4de2-94a1-535997791bdb', 'ko', 
  '영원히, 화가', ARRAY['미셸 들라크루아'],
  '현대백화점 무역센터점', '서울'
);
INSERT INTO exhibitions_translations (
  exhibition_id, language_code, exhibition_title, artists, venue_name, city
) VALUES (
  '7e33bd4c-2c8e-4c9e-970d-5a3e0db1cc63', 'ko', 
  'Works 1972-2020', ARRAY['안소니 맥콜'],
  '푸투라서울', '서울'
);
INSERT INTO exhibitions_translations (
  exhibition_id, language_code, exhibition_title, artists, venue_name, city
) VALUES (
  '2bd7b685-fb76-49da-afdb-bc877171bab2', 'ko', 
  'Under One Roof', ARRAY['데이비드 살레'],
  '현대카드 스토리지', '서울'
);
INSERT INTO exhibitions_translations (
  exhibition_id, language_code, exhibition_title, artists, venue_name, city
) VALUES (
  '05c1d0af-e57d-4e64-b2cd-3c7f9328b8e3', 'ko', 
  '강동주', ARRAY[]::TEXT[],
  '아마도예술공간', '서울'
);
INSERT INTO exhibitions_translations (
  exhibition_id, language_code, exhibition_title, artists, venue_name, city
) VALUES (
  '41814a9f-5fe8-4e38-9abb-ffc6a87c8f91', 'ko', 
  '문혜정', ARRAY[]::TEXT[],
  '스페이스 소포라', '서울'
);
INSERT INTO exhibitions_translations (
  exhibition_id, language_code, exhibition_title, artists, venue_name, city
) VALUES (
  'f245e52b-42f4-4d4b-abcf-51eac1b7a6d7', 'ko', 
  '마나 모아나-신성한 바다의 예술, 오세아니아', ARRAY[]::TEXT[],
  '국립중앙박물관', '서울'
);
INSERT INTO exhibitions_translations (
  exhibition_id, language_code, exhibition_title, artists, venue_name, city
) VALUES (
  '69adbb8b-0286-49ad-86d9-57f8ca32edd3', 'ko', 
  '박신영', ARRAY[]::TEXT[],
  '디스위켄드룸', '서울'
);
INSERT INTO exhibitions_translations (
  exhibition_id, language_code, exhibition_title, artists, venue_name, city
) VALUES (
  'f50e9fff-6ea4-444b-8f3d-9aa57556d771', 'ko', 
  '앨리스 달튼 브라운 회고전', ARRAY[]::TEXT[],
  '더현대 서울 ALT.1', '서울'
);
INSERT INTO exhibitions_translations (
  exhibition_id, language_code, exhibition_title, artists, venue_name, city
) VALUES (
  '2701718d-24d6-42d3-876c-0d33015b1175', 'ko', 
  '최지목', ARRAY[]::TEXT[],
  '갤러리바톤', '서울'
);
INSERT INTO exhibitions_translations (
  exhibition_id, language_code, exhibition_title, artists, venue_name, city
) VALUES (
  '781a8ebb-a756-4394-bba4-c4543a6be78c', 'ko', 
  '김주리', ARRAY[]::TEXT[],
  'MO BY CAN', '서울'
);
INSERT INTO exhibitions_translations (
  exhibition_id, language_code, exhibition_title, artists, venue_name, city
) VALUES (
  'e28cf2b1-f17b-4444-8523-a1a3562cbe43', 'ko', 
  '박용식', ARRAY[]::TEXT[],
  '상업화랑 용산', '서울'
);
INSERT INTO exhibitions_translations (
  exhibition_id, language_code, exhibition_title, artists, venue_name, city
) VALUES (
  'c6bd2668-3c3e-47df-8be9-cd9d3452039f', 'ko', 
  '김주리', ARRAY[]::TEXT[],
  '캔파운데이션', '서울'
);
INSERT INTO exhibitions_translations (
  exhibition_id, language_code, exhibition_title, artists, venue_name, city
) VALUES (
  'f25c602b-444d-4dca-b76a-d63aa19be930', 'ko', 
  '오랑주리-오르세 미술관 특별전', ARRAY[]::TEXT[],
  '예술의전당 한가람미술관', '서울'
);
INSERT INTO exhibitions_translations (
  exhibition_id, language_code, exhibition_title, artists, venue_name, city
) VALUES (
  '53f89fcf-53f6-44a2-a8c1-815e95faa71c', 'ko', 
  '마르크 샤갈 특별전', ARRAY[]::TEXT[],
  '예술의전당 한가람미술관', '서울'
);
INSERT INTO exhibitions_translations (
  exhibition_id, language_code, exhibition_title, artists, venue_name, city
) VALUES (
  'd5e540fd-ddce-4dc9-8105-ca50bedec654', 'ko', 
  '노이진', ARRAY[]::TEXT[],
  '뉴스프링프로젝트', '서울'
);
INSERT INTO exhibitions_translations (
  exhibition_id, language_code, exhibition_title, artists, venue_name, city
) VALUES (
  '72594414-63d2-49d2-8611-c167f8ee0267', 'ko', 
  '장 미셸 바스키아 기획전', ARRAY[]::TEXT[],
  'DDP 뮤지엄', '서울'
);
INSERT INTO exhibitions_translations (
  exhibition_id, language_code, exhibition_title, artists, venue_name, city
) VALUES (
  'e470c31d-7e30-490b-87a5-b2ed63fe474c', 'ko', 
  '앤서니 브라운', ARRAY[]::TEXT[],
  '예술의전당 한가람미술관', '서울'
);
INSERT INTO exhibitions_translations (
  exhibition_id, language_code, exhibition_title, artists, venue_name, city
) VALUES (
  '52103c1c-dbf3-40eb-9885-83ac47fa8aeb', 'ko', 
  '보 킴', ARRAY[]::TEXT[],
  'BHAK', '서울'
);
INSERT INTO exhibitions_translations (
  exhibition_id, language_code, exhibition_title, artists, venue_name, city
) VALUES (
  '0a88cd53-0fa4-4f1d-a811-8325c40770fd', 'ko', 
  '제임스 터렐', ARRAY[]::TEXT[],
  '페이스갤러리', '서울'
);
INSERT INTO exhibitions_translations (
  exhibition_id, language_code, exhibition_title, artists, venue_name, city
) VALUES (
  'e7570db7-2985-408f-a789-81e27b3decc1', 'ko', 
  'VELVET HAMMERS', ARRAY[]::TEXT[],
  '핌서울', '서울'
);
INSERT INTO exhibitions_translations (
  exhibition_id, language_code, exhibition_title, artists, venue_name, city
) VALUES (
  '50e76033-6de9-41b7-beee-0a2d81f3a906', 'ko', 
  '엘리자베스 랭그리터', ARRAY[]::TEXT[],
  'MUSEUM209', '서울'
);
INSERT INTO exhibitions_translations (
  exhibition_id, language_code, exhibition_title, artists, venue_name, city
) VALUES (
  '4f98f18f-0565-4487-89b3-5433de1ac3eb', 'ko', 
  '현남', ARRAY[]::TEXT[],
  '휘슬', '서울'
);
INSERT INTO exhibitions_translations (
  exhibition_id, language_code, exhibition_title, artists, venue_name, city
) VALUES (
  '38508219-7d5a-4841-8844-d6db3af97098', 'ko', 
  '한정은·미란다 포레스터', ARRAY[]::TEXT[],
  '파운드리서울', '서울'
);
INSERT INTO exhibitions_translations (
  exhibition_id, language_code, exhibition_title, artists, venue_name, city
) VALUES (
  '5ddff979-de57-4c1d-bfcd-9af21e200435', 'ko', 
  '이안 하·스벤 토이퍼', ARRAY[]::TEXT[],
  '파이프갤러리', '서울'
);
INSERT INTO exhibitions_translations (
  exhibition_id, language_code, exhibition_title, artists, venue_name, city
) VALUES (
  '8c52243e-680f-4107-95c7-115af860c17b', 'ko', 
  'Prototype', ARRAY['옥승철'],
  '롯데뮤지엄', '서울'
);
INSERT INTO exhibitions_translations (
  exhibition_id, language_code, exhibition_title, artists, venue_name, city
) VALUES (
  '49d37d62-844f-4319-862b-e13b55b7915f', 'ko', 
  'Troubled at his saying - 세실 렘퍼트', ARRAY[]::TEXT[],
  'IAH', '서울'
);
INSERT INTO exhibitions_translations (
  exhibition_id, language_code, exhibition_title, artists, venue_name, city
) VALUES (
  '9c4a0541-d8af-4e3b-a6c9-72b2078edc66', 'ko', 
  '2025 타이틀 매치 - 장영혜중공업 & 홍진환', ARRAY[]::TEXT[],
  '서울시립 북서울미술관', '서울'
);
INSERT INTO exhibitions_translations (
  exhibition_id, language_code, exhibition_title, artists, venue_name, city
) VALUES (
  'd426a418-a5e9-437b-857b-5624425ed518', 'ko', 
  '얇은 도약의 나날들 - 양혜규', ARRAY[]::TEXT[],
  '도도빌딩 3층', '서울'
);
INSERT INTO exhibitions_translations (
  exhibition_id, language_code, exhibition_title, artists, venue_name, city
) VALUES (
  '12c4394b-732b-4e98-9d15-4ec9136ee9c8', 'ko', 
  '언하우스', ARRAY[]::TEXT[],
  '프리즈 하우스 서울', '서울'
);
INSERT INTO exhibitions_translations (
  exhibition_id, language_code, exhibition_title, artists, venue_name, city
) VALUES (
  '8ff53da1-556d-46b1-b228-a9d858943f88', 'ko', 
  '딥다이버 Deep Diver - 배윤환', ARRAY[]::TEXT[],
  '스페이스K 서울', '서울'
);
INSERT INTO exhibitions_translations (
  exhibition_id, language_code, exhibition_title, artists, venue_name, city
) VALUES (
  '53e4b4df-0513-4b16-9d1f-7d10524b88f2', 'ko', 
  '덩었고 영원한 - 루이즈 부르주아', ARRAY[]::TEXT[],
  '호암미술관', '서울'
);
INSERT INTO exhibitions_translations (
  exhibition_id, language_code, exhibition_title, artists, venue_name, city
) VALUES (
  '781233f3-6ef6-4f6a-8973-86a5518ee9ea', 'ko', 
  'Messengers - 김서현', ARRAY[]::TEXT[],
  '실린더 ONE', '서울'
);
INSERT INTO exhibitions_translations (
  exhibition_id, language_code, exhibition_title, artists, venue_name, city
) VALUES (
  '7d3501f6-2788-4f3c-a74c-b4b6ecdca3e4', 'ko', 
  'Humanity in the Circuits - 백남준', ARRAY[]::TEXT[],
  '우양미술관', '서울'
);
INSERT INTO exhibitions_translations (
  exhibition_id, language_code, exhibition_title, artists, venue_name, city
) VALUES (
  '64ada3d1-3e2d-40c9-9e33-2bd53c7c5f40', 'ko', 
  'I Have Been Here Before - 아모아코 보아포', ARRAY[]::TEXT[],
  '우양미술관', '서울'
);
INSERT INTO exhibitions_translations (
  exhibition_id, language_code, exhibition_title, artists, venue_name, city
) VALUES (
  'ae7ee90e-91dc-4a17-ab25-876a11179049', 'ko', 
  '열두 개의 질문 - 안규철', ARRAY[]::TEXT[],
  '국제갤러리 부산', '부산'
);
INSERT INTO exhibitions_translations (
  exhibition_id, language_code, exhibition_title, artists, venue_name, city
) VALUES (
  '41287abc-3557-43f6-aed7-9721ce660168', 'ko', 
  '시대전술 - 김영찬, 유이란, 요한한, 신민, 남다현', ARRAY[]::TEXT[],
  'K&L 뮤지엄', '서울'
);
INSERT INTO exhibitions_translations (
  exhibition_id, language_code, exhibition_title, artists, venue_name, city
) VALUES (
  '29baccb8-6640-4e49-a580-d804a6252267', 'ko', 
  'Drawing on Space - 안토니 곰리', ARRAY[]::TEXT[],
  '뮤지엄 산', '서울'
);
INSERT INTO exhibitions_translations (
  exhibition_id, language_code, exhibition_title, artists, venue_name, city
) VALUES (
  '6954acac-41b0-4e73-b2ad-b68193f4bf67', 'ko', 
  'UNDO DMZ - 양혜규, 원성원, 홍영인 등', ARRAY[]::TEXT[],
  '파주 임진각 평화누리', '서울'
);
INSERT INTO exhibitions_translations (
  exhibition_id, language_code, exhibition_title, artists, venue_name, city
) VALUES (
  '6336a15d-3b1a-44b3-af4c-af688bd20949', 'ko', 
  '적절한 소환 - 힐마 아프 클린트', ARRAY[]::TEXT[],
  '부산현대미술관', '부산'
);
INSERT INTO exhibitions_translations (
  exhibition_id, language_code, exhibition_title, artists, venue_name, city
) VALUES (
  'c480657f-6613-4aec-b9cd-ae49b2188f4c', 'ko', 
  'A Chorus - Jennifer Carvalho', ARRAY[]::TEXT[],
  'CYLINDER TWO', '서울'
);
INSERT INTO exhibitions_translations (
  exhibition_id, language_code, exhibition_title, artists, venue_name, city
) VALUES (
  '386705e5-dc71-4da1-8e67-c37d042cd05c', 'ko', 
  'Dust - Ruofan Chen', ARRAY[]::TEXT[],
  'SHOWER', '서울'
);
INSERT INTO exhibitions_translations (
  exhibition_id, language_code, exhibition_title, artists, venue_name, city
) VALUES (
  'b885ea4a-8981-47ea-a626-e4845c4df14c', 'ko', 
  '멜랑콜리아 - 김다움, 김의현, 이동혁, 장진승', ARRAY[]::TEXT[],
  'Primary Practice', '서울'
);
INSERT INTO exhibitions_translations (
  exhibition_id, language_code, exhibition_title, artists, venue_name, city
) VALUES (
  '5537f804-d449-4b0e-963d-88a1f65d739d', 'ko', 
  'Pit Calls Wall - 김새은', ARRAY[]::TEXT[],
  '뮤지엄헤드', '서울'
);
INSERT INTO exhibitions_translations (
  exhibition_id, language_code, exhibition_title, artists, venue_name, city
) VALUES (
  'e19c9ec1-3f2c-45ee-824c-ffa00181ebd0', 'ko', 
  '수신미확인 - 김봉영, 김지민, 박애나 등', ARRAY['다이얼로그'],
  '휘겸재', '서울'
);

-- venue_id 자동 연결
UPDATE exhibitions_master em
SET venue_id = v.id
FROM exhibitions_translations et, venues_simple v
WHERE em.id = et.exhibition_id
AND et.venue_name = v.name_ko
AND em.venue_id IS NULL;